paper_id,title,authors,year,doi,venue,collection,study_location,transport_mode,research_design,stated_or_revealed,information_channel,behavioural_outcome,sample_size,key_finding,verification_status,full_text_available,relevance,novelty_threat,notes
drabicki2023,"Should I stay or should I board? Willingness to wait with real-time crowding information in urban public transport","Drabicki et al.",2023,10.1016/j.rtbm.2023.100963,Research in Transportation Business & Management,Core Verified,TBD,bus,TBD,TBD,RTCI,willingness to wait,TBD,TBD,Metadata only,No,High - central to candidate gap,No,No abstract retrieved via ResearchRabbit; needs full-text pull.
drabicki_bunching2022,"Mitigating bus bunching with real-time crowding information","Drabicki, Kucharski, Cats",2022,10.1007/s11116-022-10270-3,Transportation,"Core Verified; Operations, Load Balancing and Bus Bunching",Warsaw (Poland),bus,simulation + stated-preference boarding choice model,stated,RTCI,boarding choice / bunching reduction,TBD,"RTCI induces 30-70% probability of skipping overcrowded bus; journey experience improves ~6%; denial-of-boarding reduced ~40%",Verified abstract,No,High,No,Case-study simulation on Warsaw bus corridor; stated-preference survey underlying the model.
bansal2022,"A dynamic choice model to estimate the user cost of crowding with large-scale transit data","Bansal, Hörcher, Graham",2022,10.1111/rssa.12804,Journal of the Royal Statistical Society Series A,"Core Verified; Crowding Valuation and Perception",Asian metro city (unspecified in abstract),metro,dynamic choice model on revealed-preference smart-card + AVL data,revealed,none (crowding valuation, not RTCI display),crowding valuation / travel time,"4 million daily trips, 2 months",Crowding valuation increases 47% under extreme crowding; compensatory rule followed only 25.5% of trips,Verified abstract,No,High - mentor's own paper,No,Prateek Bansal is project mentor; methodologically relevant to choice modeling approach.
jenelius2020,"Personalized predictive public transport crowding information with automated data sources","Jenelius",2020,10.1016/j.trc.2020.102647,Transportation Research Part C,"Core Verified; Prediction, Sensing and Information Quality",TBD,TBD,TBD,TBD,predictive RTCI,information quality,TBD,No abstract retrieved,Metadata only,No,Medium-High,No,
noursalehi2021,"Predictive decision support platform and its application in crowding prediction and passenger information generation","Noursalehi, Koutsopoulos, Zhao",2021,10.1016/j.trc.2021.103139,Transportation Research Part C,"Core Verified; Prediction, Sensing and Information Quality",TBD,TBD,TBD,TBD,predictive RTCI,information generation,TBD,No abstract retrieved,Metadata only,No,Medium-High,No,
bouman2016,"Capacity, information and minority games in public transport","Bouman et al.",2016,10.1016/j.trc.2016.05.007,Transportation Research Part C,"Core Verified; Boarding and Willingness to Wait",TBD,TBD,TBD,TBD,capacity information,boarding distribution,TBD,No abstract retrieved,Metadata only,No,Medium,No,Game-theoretic framing of boarding decisions under capacity information.
peftitsi2022,"Modeling the effect of real-time crowding information (RTCI) on passenger distribution in trains","Peftitsi, Jenelius, Cats",2022,10.1016/j.tra.2022.10.011,Transportation Research Part A,"Core Verified; Prediction, Sensing and Information Quality",TBD,train,dynamic PT simulation model,TBD,RTCI,passenger distribution across train cars,TBD,No abstract retrieved,Metadata only,No,High,No,Directly extends dynamic simulation with predictive RTCI concerning car-level distribution.
chen2023,"I can board, but I'd rather wait: Active boarding delay choice behaviour analysis using smart card data in metro systems","Chen et al.",2023,10.1016/j.tra.2023.103747,Transportation Research Part A,"Core Verified; Boarding and Willingness to Wait",metro system (unspecified),metro,revealed-preference logit model on smart-card + timetable data,revealed,none (crowding/seat availability inferred, not RTCI display),active boarding delay,TBD,"Passengers actively skip boarding despite standing room to wait for seat availability on next train",No abstract fully retrieved (partial in-app),Metadata only,No,High - closest revealed-preference precedent,Potentially challenges novelty - revealed-preference boarding-delay evidence exists for metro; gap remains for bus + app-displayed RTCI causally,Full-text review essential to compare against our candidate gap statement.
drabicki2025covid,"Has the COVID-19 pandemic affected travellers' willingness to wait with real-time crowding information?","Drabicki, Kucharski (+1)",2025,10.1016/j.tbs.2024.100895,Travel Behaviour and Society,"Core Verified; Boarding and Willingness to Wait",TBD,TBD,TBD,TBD,RTCI,willingness to wait (COVID context),TBD,No abstract retrieved,Metadata only,No,Medium,No,COVID framing; crowding information is part of the mechanism so included per inclusion criteria.
kim2009,"Passenger Choice Models for Analysis of Impacts of Real-Time Bus Information on Crowdedness","Kim, Lee, Oh (Joon-Ki Kim, Sungho Oh)",2009,10.3141/2112-15,Transportation Research Record,"Core Verified; Boarding and Willingness to Wait",Seoul (South Korea),bus,binary logit + interview survey data,stated/revealed mix (survey-based),bus occupancy information,bus choice (board arriving bus vs wait for next),1-week interview survey (Jun 19-25 2008),"Seat availability increases probability of boarding arriving bus; travel time on board and crowdedness decrease it; effects vary by user group and trip stage",Verified abstract,No,High - bus-specific precedent,No,Closest bus-specific precedent found so far; South Korea, not Central Asia - geographic gap for our project remains open.
zhang2017stockholm,"Impact of real-time crowding information: a Stockholm metro pilot study","Zhang, Jenelius, Kottenhoff",2017,10.1007/s12469-016-0150-y,Public Transport,"Core Verified; Field Experiments and Causal Evidence",Stockholm (Sweden),metro,field pilot study (6-day test period),revealed (real pilot deployment),per-car RTCI at platform,car-level crowding distribution,6-day test period,"Evaluates RTCI provision impact via pilot at a Stockholm metro station; per-car information for next arrivals",Verified abstract,No,High - closest real-world field pilot precedent,Potentially challenges novelty - this IS a real RTCI field pilot; but metro (not bus) and Stockholm (not Central Asia) - geographic + modal gap remains,Full-text review essential; this is the strongest comparator to our own field-experiment ambitions.
pan2022wouldyouwait,"Would You Wait? Bus Choice Behavior Analysis Considering Various Incentives","Pan, Patterson (+authors)",2022,10.1177/03611981221076843,Transportation Research Record,"Core Verified; Boarding and Willingness to Wait",TBD (online survey of public transport users),bus,discrete choice experiment (binary logit + mixed multinomial logit) via online survey,stated,incentive-based messaging (not RTCI display per se),willingness to wait for next bus given incentive,online survey sample (n unspecified in abstract excerpt),"Incentives (goal-framing theory) increase willingness to wait to avoid overcrowding; effects vary by age, gender, work status, driver ID possession, vehicle availability",Verified abstract,No,High - bus-specific, incentive framing adjacent to RTCI,No,Not RTCI display per se but closely adjacent (incentivized wait behavior on buses); relevant for boarding-choice modeling approach.
sensing_arxiv_NOTFOUND,"Sensing Technologies for Crowd Management, Adaptation, and Information Dissemination in Public Transportation Systems","TBD",TBD,arXiv:2009.12619,arXiv preprint,NOT ADDED - not found in ResearchRabbit,TBD,TBD,TBD,TBD,TBD,TBD,TBD,TBD,Candidate - not screened,No,TBD,TBD,Search by title and by three arXiv ID formats all returned no results in ResearchRabbit; needs manual lookup on arxiv.org.
leprevost2026,"Impact of real-time crowding information on mass-transit passengers' platform placement choices","Leprévost, Morgagni (+authors)",2026,10.1016/j.tra.2026.105081,Transportation Research Part A,Discovery Inbox,TBD,mass transit (rail/metro implied),TBD,TBD,RTCI,platform placement choice (not board/wait),TBD,No abstract retrieved,Metadata only,No,Borderline - platform placement is adjacent to but distinct from boarding/waiting decision,Potentially challenges novelty - direct RTCI behavioural study, needs full-text check,Found via citation hop (Cited By) on Drabicki 2023; placed in Discovery Inbox per exclusion criteria for borderline items pending full-text review.
