image_id,xml_name,xml_basename,xml_prefix,mapped_source_folder,xml_numeric_suffix,normalized_numeric_suffix,disk_relative_path,disk_basename,disk_source_folder,disk_batch_folder
0,D02_20260420073459_000970.jpg,D02_20260420073459_000970.jpg,D02,diyas,000970,970,diyas/batch_001/frame_000970s.jpg,frame_000970s.jpg,diyas,batch_001
1,D02_20260420073459_000971.jpg,D02_20260420073459_000971.jpg,D02,diyas,000971,971,diyas/batch_001/frame_000971s.jpg,frame_000971s.jpg,diyas,batch_001
2,D02_20260420073459_000972.jpg,D02_20260420073459_000972.jpg,D02,diyas,000972,972,diyas/batch_001/frame_000972s.jpg,frame_000972s.jpg,diyas,batch_001
3,D02_20260420073459_000973.jpg,D02_20260420073459_000973.jpg,D02,diyas,000973,973,diyas/batch_001/frame_000973s.jpg,frame_000973s.jpg,diyas,batch_001
4,D02_20260420073459_000974.jpg,D02_20260420073459_000974.jpg,D02,diyas,000974,974,diyas/batch_001/frame_000974s.jpg,frame_000974s.jpg,diyas,batch_001
5,D02_20260420073459_000975.jpg,D02_20260420073459_000975.jpg,D02,diyas,000975,975,diyas/batch_001/frame_000975s.jpg,frame_000975s.jpg,diyas,batch_001
6,D02_20260420073459_000976.jpg,D02_20260420073459_000976.jpg,D02,diyas,000976,976,diyas/batch_001/frame_000976s.jpg,frame_000976s.jpg,diyas,batch_001
7,D02_20260420073459_000977.jpg,D02_20260420073459_000977.jpg,D02,diyas,000977,977,diyas/batch_001/frame_000977s.jpg,frame_000977s.jpg,diyas,batch_001
8,D02_20260420073459_000978.jpg,D02_20260420073459_000978.jpg,D02,diyas,000978,978,diyas/batch_001/frame_000978s.jpg,frame_000978s.jpg,diyas,batch_001
9,D02_20260420073459_000979.jpg,D02_20260420073459_000979.jpg,D02,diyas,000979,979,diyas/batch_001/frame_000979s.jpg,frame_000979s.jpg,diyas,batch_001
10,D02_20260420073459_000980.jpg,D02_20260420073459_000980.jpg,D02,diyas,000980,980,diyas/batch_001/frame_000980s.jpg,frame_000980s.jpg,diyas,batch_001
11,D02_20260420073459_000981.jpg,D02_20260420073459_000981.jpg,D02,diyas,000981,981,diyas/batch_001/frame_000981s.jpg,frame_000981s.jpg,diyas,batch_001
12,D02_20260420073459_000982.jpg,D02_20260420073459_000982.jpg,D02,diyas,000982,982,diyas/batch_001/frame_000982s.jpg,frame_000982s.jpg,diyas,batch_001
13,D02_20260420073459_000983.jpg,D02_20260420073459_000983.jpg,D02,diyas,000983,983,diyas/batch_001/frame_000983s.jpg,frame_000983s.jpg,diyas,batch_001
14,D02_20260420073459_000984.jpg,D02_20260420073459_000984.jpg,D02,diyas,000984,984,diyas/batch_001/frame_000984s.jpg,frame_000984s.jpg,diyas,batch_001
15,D02_20260420073459_000985.jpg,D02_20260420073459_000985.jpg,D02,diyas,000985,985,diyas/batch_001/frame_000985s.jpg,frame_000985s.jpg,diyas,batch_001
16,D02_20260420073459_000986.jpg,D02_20260420073459_000986.jpg,D02,diyas,000986,986,diyas/batch_001/frame_000986s.jpg,frame_000986s.jpg,diyas,batch_001
17,D02_20260420073459_000987.jpg,D02_20260420073459_000987.jpg,D02,diyas,000987,987,diyas/batch_001/frame_000987s.jpg,frame_000987s.jpg,diyas,batch_001
18,D02_20260420073459_000988.jpg,D02_20260420073459_000988.jpg,D02,diyas,000988,988,diyas/batch_001/frame_000988s.jpg,frame_000988s.jpg,diyas,batch_001
19,D02_20260420073459_000989.jpg,D02_20260420073459_000989.jpg,D02,diyas,000989,989,diyas/batch_001/frame_000989s.jpg,frame_000989s.jpg,diyas,batch_001
20,D02_20260420073459_000990.jpg,D02_20260420073459_000990.jpg,D02,diyas,000990,990,diyas/batch_001/frame_000990s.jpg,frame_000990s.jpg,diyas,batch_001
21,D02_20260420073459_000991.jpg,D02_20260420073459_000991.jpg,D02,diyas,000991,991,diyas/batch_001/frame_000991s.jpg,frame_000991s.jpg,diyas,batch_001
22,D02_20260420073459_000992.jpg,D02_20260420073459_000992.jpg,D02,diyas,000992,992,diyas/batch_001/frame_000992s.jpg,frame_000992s.jpg,diyas,batch_001
23,D02_20260420073459_000993.jpg,D02_20260420073459_000993.jpg,D02,diyas,000993,993,diyas/batch_001/frame_000993s.jpg,frame_000993s.jpg,diyas,batch_001
24,D02_20260420073459_000994.jpg,D02_20260420073459_000994.jpg,D02,diyas,000994,994,diyas/batch_001/frame_000994s.jpg,frame_000994s.jpg,diyas,batch_001
25,D02_20260420073459_000995.jpg,D02_20260420073459_000995.jpg,D02,diyas,000995,995,diyas/batch_001/frame_000995s.jpg,frame_000995s.jpg,diyas,batch_001
26,D02_20260420073459_000996.jpg,D02_20260420073459_000996.jpg,D02,diyas,000996,996,diyas/batch_001/frame_000996s.jpg,frame_000996s.jpg,diyas,batch_001
27,D02_20260420073459_000997.jpg,D02_20260420073459_000997.jpg,D02,diyas,000997,997,diyas/batch_001/frame_000997s.jpg,frame_000997s.jpg,diyas,batch_001
28,D02_20260420073459_000998.jpg,D02_20260420073459_000998.jpg,D02,diyas,000998,998,diyas/batch_001/frame_000998s.jpg,frame_000998s.jpg,diyas,batch_001
29,D02_20260420073459_000999.jpg,D02_20260420073459_000999.jpg,D02,diyas,000999,999,diyas/batch_001/frame_000999s.jpg,frame_000999s.jpg,diyas,batch_001
30,D02_20260420073459_001000.jpg,D02_20260420073459_001000.jpg,D02,diyas,001000,1000,diyas/batch_001/frame_001000s.jpg,frame_001000s.jpg,diyas,batch_001
31,D02_20260420073459_001001.jpg,D02_20260420073459_001001.jpg,D02,diyas,001001,1001,diyas/batch_002/frame_001001s.jpg,frame_001001s.jpg,diyas,batch_002
32,D02_20260420073459_001002.jpg,D02_20260420073459_001002.jpg,D02,diyas,001002,1002,diyas/batch_002/frame_001002s.jpg,frame_001002s.jpg,diyas,batch_002
33,D02_20260420073459_001003.jpg,D02_20260420073459_001003.jpg,D02,diyas,001003,1003,diyas/batch_002/frame_001003s.jpg,frame_001003s.jpg,diyas,batch_002
34,D02_20260420073459_001004.jpg,D02_20260420073459_001004.jpg,D02,diyas,001004,1004,diyas/batch_002/frame_001004s.jpg,frame_001004s.jpg,diyas,batch_002
35,D02_20260420073459_001005.jpg,D02_20260420073459_001005.jpg,D02,diyas,001005,1005,diyas/batch_002/frame_001005s.jpg,frame_001005s.jpg,diyas,batch_002
36,D02_20260420073459_001006.jpg,D02_20260420073459_001006.jpg,D02,diyas,001006,1006,diyas/batch_002/frame_001006s.jpg,frame_001006s.jpg,diyas,batch_002
42,D02_20260420073459_001012.jpg,D02_20260420073459_001012.jpg,D02,diyas,001012,1012,diyas/batch_002/frame_001012s.jpg,frame_001012s.jpg,diyas,batch_002
43,D02_20260420073459_001013.jpg,D02_20260420073459_001013.jpg,D02,diyas,001013,1013,diyas/batch_002/frame_001013s.jpg,frame_001013s.jpg,diyas,batch_002
44,D02_20260420073459_001014.jpg,D02_20260420073459_001014.jpg,D02,diyas,001014,1014,diyas/batch_002/frame_001014s.jpg,frame_001014s.jpg,diyas,batch_002
45,D02_20260420073459_001015.jpg,D02_20260420073459_001015.jpg,D02,diyas,001015,1015,diyas/batch_002/frame_001015s.jpg,frame_001015s.jpg,diyas,batch_002
46,D02_20260420073459_001016.jpg,D02_20260420073459_001016.jpg,D02,diyas,001016,1016,diyas/batch_002/frame_001016s.jpg,frame_001016s.jpg,diyas,batch_002
47,D02_20260420073459_001017.jpg,D02_20260420073459_001017.jpg,D02,diyas,001017,1017,diyas/batch_002/frame_001017s.jpg,frame_001017s.jpg,diyas,batch_002
48,D02_20260420073459_001018.jpg,D02_20260420073459_001018.jpg,D02,diyas,001018,1018,diyas/batch_002/frame_001018s.jpg,frame_001018s.jpg,diyas,batch_002
49,D02_20260420073459_001019.jpg,D02_20260420073459_001019.jpg,D02,diyas,001019,1019,diyas/batch_002/frame_001019s.jpg,frame_001019s.jpg,diyas,batch_002
50,D02_20260420073459_001020.jpg,D02_20260420073459_001020.jpg,D02,diyas,001020,1020,diyas/batch_002/frame_001020s.jpg,frame_001020s.jpg,diyas,batch_002
51,D02_20260420073459_001021.jpg,D02_20260420073459_001021.jpg,D02,diyas,001021,1021,diyas/batch_002/frame_001021s.jpg,frame_001021s.jpg,diyas,batch_002
52,D02_20260420073459_001022.jpg,D02_20260420073459_001022.jpg,D02,diyas,001022,1022,diyas/batch_002/frame_001022s.jpg,frame_001022s.jpg,diyas,batch_002
53,D02_20260420073459_001023.jpg,D02_20260420073459_001023.jpg,D02,diyas,001023,1023,diyas/batch_002/frame_001023s.jpg,frame_001023s.jpg,diyas,batch_002
54,D02_20260420073459_001024.jpg,D02_20260420073459_001024.jpg,D02,diyas,001024,1024,diyas/batch_002/frame_001024s.jpg,frame_001024s.jpg,diyas,batch_002
55,D02_20260420073459_001025.jpg,D02_20260420073459_001025.jpg,D02,diyas,001025,1025,diyas/batch_002/frame_001025s.jpg,frame_001025s.jpg,diyas,batch_002
56,D02_20260420073459_001026.jpg,D02_20260420073459_001026.jpg,D02,diyas,001026,1026,diyas/batch_002/frame_001026s.jpg,frame_001026s.jpg,diyas,batch_002
57,D02_20260420073459_001027.jpg,D02_20260420073459_001027.jpg,D02,diyas,001027,1027,diyas/batch_002/frame_001027s.jpg,frame_001027s.jpg,diyas,batch_002
58,D02_20260420073459_001028.jpg,D02_20260420073459_001028.jpg,D02,diyas,001028,1028,diyas/batch_002/frame_001028s.jpg,frame_001028s.jpg,diyas,batch_002
59,D02_20260420073459_001029.jpg,D02_20260420073459_001029.jpg,D02,diyas,001029,1029,diyas/batch_002/frame_001029s.jpg,frame_001029s.jpg,diyas,batch_002
60,D02_20260420073459_001030.jpg,D02_20260420073459_001030.jpg,D02,diyas,001030,1030,diyas/batch_002/frame_001030s.jpg,frame_001030s.jpg,diyas,batch_002
61,D02_20260420073459_001031.jpg,D02_20260420073459_001031.jpg,D02,diyas,001031,1031,diyas/batch_002/frame_001031s.jpg,frame_001031s.jpg,diyas,batch_002
62,D02_20260420073459_001032.jpg,D02_20260420073459_001032.jpg,D02,diyas,001032,1032,diyas/batch_002/frame_001032s.jpg,frame_001032s.jpg,diyas,batch_002
63,D02_20260420073459_001033.jpg,D02_20260420073459_001033.jpg,D02,diyas,001033,1033,diyas/batch_002/frame_001033s.jpg,frame_001033s.jpg,diyas,batch_002
64,D02_20260420073459_001034.jpg,D02_20260420073459_001034.jpg,D02,diyas,001034,1034,diyas/batch_002/frame_001034s.jpg,frame_001034s.jpg,diyas,batch_002
65,D02_20260420073459_001035.jpg,D02_20260420073459_001035.jpg,D02,diyas,001035,1035,diyas/batch_002/frame_001035s.jpg,frame_001035s.jpg,diyas,batch_002
66,D02_20260420073459_001036.jpg,D02_20260420073459_001036.jpg,D02,diyas,001036,1036,diyas/batch_002/frame_001036s.jpg,frame_001036s.jpg,diyas,batch_002
67,D02_20260420073459_001037.jpg,D02_20260420073459_001037.jpg,D02,diyas,001037,1037,diyas/batch_002/frame_001037s.jpg,frame_001037s.jpg,diyas,batch_002
68,D02_20260420073459_001038.jpg,D02_20260420073459_001038.jpg,D02,diyas,001038,1038,diyas/batch_002/frame_001038s.jpg,frame_001038s.jpg,diyas,batch_002
69,D02_20260420073459_001039.jpg,D02_20260420073459_001039.jpg,D02,diyas,001039,1039,diyas/batch_002/frame_001039s.jpg,frame_001039s.jpg,diyas,batch_002
70,D02_20260420073459_001040.jpg,D02_20260420073459_001040.jpg,D02,diyas,001040,1040,diyas/batch_002/frame_001040s.jpg,frame_001040s.jpg,diyas,batch_002
71,D02_20260420073459_001041.jpg,D02_20260420073459_001041.jpg,D02,diyas,001041,1041,diyas/batch_002/frame_001041s.jpg,frame_001041s.jpg,diyas,batch_002
72,D02_20260420073459_001042.jpg,D02_20260420073459_001042.jpg,D02,diyas,001042,1042,diyas/batch_002/frame_001042s.jpg,frame_001042s.jpg,diyas,batch_002
73,D02_20260420073459_001043.jpg,D02_20260420073459_001043.jpg,D02,diyas,001043,1043,diyas/batch_002/frame_001043s.jpg,frame_001043s.jpg,diyas,batch_002
74,D02_20260420073459_001044.jpg,D02_20260420073459_001044.jpg,D02,diyas,001044,1044,diyas/batch_002/frame_001044s.jpg,frame_001044s.jpg,diyas,batch_002
75,D02_20260420073459_001045.jpg,D02_20260420073459_001045.jpg,D02,diyas,001045,1045,diyas/batch_002/frame_001045s.jpg,frame_001045s.jpg,diyas,batch_002
76,D02_20260420073459_001046.jpg,D02_20260420073459_001046.jpg,D02,diyas,001046,1046,diyas/batch_002/frame_001046s.jpg,frame_001046s.jpg,diyas,batch_002
77,D02_20260420073459_001047.jpg,D02_20260420073459_001047.jpg,D02,diyas,001047,1047,diyas/batch_002/frame_001047s.jpg,frame_001047s.jpg,diyas,batch_002
78,D02_20260420073459_001048.jpg,D02_20260420073459_001048.jpg,D02,diyas,001048,1048,diyas/batch_002/frame_001048s.jpg,frame_001048s.jpg,diyas,batch_002
79,D02_20260420073459_001049.jpg,D02_20260420073459_001049.jpg,D02,diyas,001049,1049,diyas/batch_002/frame_001049s.jpg,frame_001049s.jpg,diyas,batch_002
80,D02_20260420073459_001050.jpg,D02_20260420073459_001050.jpg,D02,diyas,001050,1050,diyas/batch_002/frame_001050s.jpg,frame_001050s.jpg,diyas,batch_002
81,D02_20260420073459_001051.jpg,D02_20260420073459_001051.jpg,D02,diyas,001051,1051,diyas/batch_002/frame_001051s.jpg,frame_001051s.jpg,diyas,batch_002
82,D02_20260420073459_001052.jpg,D02_20260420073459_001052.jpg,D02,diyas,001052,1052,diyas/batch_002/frame_001052s.jpg,frame_001052s.jpg,diyas,batch_002
83,D02_20260420073459_001053.jpg,D02_20260420073459_001053.jpg,D02,diyas,001053,1053,diyas/batch_002/frame_001053s.jpg,frame_001053s.jpg,diyas,batch_002
84,D02_20260420073459_001054.jpg,D02_20260420073459_001054.jpg,D02,diyas,001054,1054,diyas/batch_002/frame_001054s.jpg,frame_001054s.jpg,diyas,batch_002
85,D02_20260420073459_001055.jpg,D02_20260420073459_001055.jpg,D02,diyas,001055,1055,diyas/batch_002/frame_001055s.jpg,frame_001055s.jpg,diyas,batch_002
86,D02_20260420073459_001056.jpg,D02_20260420073459_001056.jpg,D02,diyas,001056,1056,diyas/batch_002/frame_001056s.jpg,frame_001056s.jpg,diyas,batch_002
87,D02_20260420073459_001057.jpg,D02_20260420073459_001057.jpg,D02,diyas,001057,1057,diyas/batch_002/frame_001057s.jpg,frame_001057s.jpg,diyas,batch_002
88,D02_20260420073459_001058.jpg,D02_20260420073459_001058.jpg,D02,diyas,001058,1058,diyas/batch_002/frame_001058s.jpg,frame_001058s.jpg,diyas,batch_002
89,D02_20260420073459_001059.jpg,D02_20260420073459_001059.jpg,D02,diyas,001059,1059,diyas/batch_002/frame_001059s.jpg,frame_001059s.jpg,diyas,batch_002
90,D02_20260420073459_001060.jpg,D02_20260420073459_001060.jpg,D02,diyas,001060,1060,diyas/batch_002/frame_001060s.jpg,frame_001060s.jpg,diyas,batch_002
91,D02_20260420073459_001061.jpg,D02_20260420073459_001061.jpg,D02,diyas,001061,1061,diyas/batch_002/frame_001061s.jpg,frame_001061s.jpg,diyas,batch_002
92,D02_20260420073459_001062.jpg,D02_20260420073459_001062.jpg,D02,diyas,001062,1062,diyas/batch_002/frame_001062s.jpg,frame_001062s.jpg,diyas,batch_002
93,D02_20260420073459_001063.jpg,D02_20260420073459_001063.jpg,D02,diyas,001063,1063,diyas/batch_002/frame_001063s.jpg,frame_001063s.jpg,diyas,batch_002
94,D02_20260420073459_001064.jpg,D02_20260420073459_001064.jpg,D02,diyas,001064,1064,diyas/batch_002/frame_001064s.jpg,frame_001064s.jpg,diyas,batch_002
95,D02_20260420073459_001065.jpg,D02_20260420073459_001065.jpg,D02,diyas,001065,1065,diyas/batch_002/frame_001065s.jpg,frame_001065s.jpg,diyas,batch_002
96,D02_20260420073459_001066.jpg,D02_20260420073459_001066.jpg,D02,diyas,001066,1066,diyas/batch_002/frame_001066s.jpg,frame_001066s.jpg,diyas,batch_002
97,D02_20260420073459_001067.jpg,D02_20260420073459_001067.jpg,D02,diyas,001067,1067,diyas/batch_002/frame_001067s.jpg,frame_001067s.jpg,diyas,batch_002
98,D02_20260420073459_001068.jpg,D02_20260420073459_001068.jpg,D02,diyas,001068,1068,diyas/batch_002/frame_001068s.jpg,frame_001068s.jpg,diyas,batch_002
99,D02_20260420073459_001069.jpg,D02_20260420073459_001069.jpg,D02,diyas,001069,1069,diyas/batch_002/frame_001069s.jpg,frame_001069s.jpg,diyas,batch_002
100,D02_20260420073459_001070.jpg,D02_20260420073459_001070.jpg,D02,diyas,001070,1070,diyas/batch_002/frame_001070s.jpg,frame_001070s.jpg,diyas,batch_002
101,D02_20260420073459_001071.jpg,D02_20260420073459_001071.jpg,D02,diyas,001071,1071,diyas/batch_002/frame_001071s.jpg,frame_001071s.jpg,diyas,batch_002
102,D02_20260420073459_001072.jpg,D02_20260420073459_001072.jpg,D02,diyas,001072,1072,diyas/batch_002/frame_001072s.jpg,frame_001072s.jpg,diyas,batch_002
103,D02_20260420073459_001073.jpg,D02_20260420073459_001073.jpg,D02,diyas,001073,1073,diyas/batch_002/frame_001073s.jpg,frame_001073s.jpg,diyas,batch_002
104,D02_20260420073459_001074.jpg,D02_20260420073459_001074.jpg,D02,diyas,001074,1074,diyas/batch_002/frame_001074s.jpg,frame_001074s.jpg,diyas,batch_002
105,D02_20260420073459_001075.jpg,D02_20260420073459_001075.jpg,D02,diyas,001075,1075,diyas/batch_002/frame_001075s.jpg,frame_001075s.jpg,diyas,batch_002
106,D02_20260420073459_001076.jpg,D02_20260420073459_001076.jpg,D02,diyas,001076,1076,diyas/batch_002/frame_001076s.jpg,frame_001076s.jpg,diyas,batch_002
107,D02_20260420073459_001077.jpg,D02_20260420073459_001077.jpg,D02,diyas,001077,1077,diyas/batch_002/frame_001077s.jpg,frame_001077s.jpg,diyas,batch_002
108,D02_20260420073459_001078.jpg,D02_20260420073459_001078.jpg,D02,diyas,001078,1078,diyas/batch_002/frame_001078s.jpg,frame_001078s.jpg,diyas,batch_002
109,D02_20260420073459_001079.jpg,D02_20260420073459_001079.jpg,D02,diyas,001079,1079,diyas/batch_002/frame_001079s.jpg,frame_001079s.jpg,diyas,batch_002
110,D02_20260420073459_001080.jpg,D02_20260420073459_001080.jpg,D02,diyas,001080,1080,diyas/batch_002/frame_001080s.jpg,frame_001080s.jpg,diyas,batch_002
113,D02_20260420073459_001083.jpg,D02_20260420073459_001083.jpg,D02,diyas,001083,1083,diyas/batch_002/frame_001083s.jpg,frame_001083s.jpg,diyas,batch_002
116,D02_20260420073459_001086.jpg,D02_20260420073459_001086.jpg,D02,diyas,001086,1086,diyas/batch_002/frame_001086s.jpg,frame_001086s.jpg,diyas,batch_002
119,D02_20260420073459_001089.jpg,D02_20260420073459_001089.jpg,D02,diyas,001089,1089,diyas/batch_002/frame_001089s.jpg,frame_001089s.jpg,diyas,batch_002
120,D02_20260420073459_001090.jpg,D02_20260420073459_001090.jpg,D02,diyas,001090,1090,diyas/batch_002/frame_001090s.jpg,frame_001090s.jpg,diyas,batch_002
121,D02_20260420073459_001091.jpg,D02_20260420073459_001091.jpg,D02,diyas,001091,1091,diyas/batch_002/frame_001091s.jpg,frame_001091s.jpg,diyas,batch_002
122,D02_20260420073459_001092.jpg,D02_20260420073459_001092.jpg,D02,diyas,001092,1092,diyas/batch_002/frame_001092s.jpg,frame_001092s.jpg,diyas,batch_002
123,D02_20260420073459_001093.jpg,D02_20260420073459_001093.jpg,D02,diyas,001093,1093,diyas/batch_002/frame_001093s.jpg,frame_001093s.jpg,diyas,batch_002
124,D02_20260420073459_001094.jpg,D02_20260420073459_001094.jpg,D02,diyas,001094,1094,diyas/batch_002/frame_001094s.jpg,frame_001094s.jpg,diyas,batch_002
125,D02_20260420073459_001095.jpg,D02_20260420073459_001095.jpg,D02,diyas,001095,1095,diyas/batch_002/frame_001095s.jpg,frame_001095s.jpg,diyas,batch_002
126,D02_20260420073459_001096.jpg,D02_20260420073459_001096.jpg,D02,diyas,001096,1096,diyas/batch_002/frame_001096s.jpg,frame_001096s.jpg,diyas,batch_002
127,D02_20260420073459_001097.jpg,D02_20260420073459_001097.jpg,D02,diyas,001097,1097,diyas/batch_002/frame_001097s.jpg,frame_001097s.jpg,diyas,batch_002
128,D02_20260420073459_001098.jpg,D02_20260420073459_001098.jpg,D02,diyas,001098,1098,diyas/batch_002/frame_001098s.jpg,frame_001098s.jpg,diyas,batch_002
129,D02_20260420073459_001099.jpg,D02_20260420073459_001099.jpg,D02,diyas,001099,1099,diyas/batch_002/frame_001099s.jpg,frame_001099s.jpg,diyas,batch_002
130,D02_20260420073459_001100.jpg,D02_20260420073459_001100.jpg,D02,diyas,001100,1100,diyas/batch_002/frame_001100s.jpg,frame_001100s.jpg,diyas,batch_002
131,D02_20260420073459_001101.jpg,D02_20260420073459_001101.jpg,D02,diyas,001101,1101,diyas/batch_002/frame_001101s.jpg,frame_001101s.jpg,diyas,batch_002
132,D02_20260420073459_001102.jpg,D02_20260420073459_001102.jpg,D02,diyas,001102,1102,diyas/batch_002/frame_001102s.jpg,frame_001102s.jpg,diyas,batch_002
133,D02_20260420073459_001103.jpg,D02_20260420073459_001103.jpg,D02,diyas,001103,1103,diyas/batch_002/frame_001103s.jpg,frame_001103s.jpg,diyas,batch_002
134,D02_20260420073459_001104.jpg,D02_20260420073459_001104.jpg,D02,diyas,001104,1104,diyas/batch_002/frame_001104s.jpg,frame_001104s.jpg,diyas,batch_002
135,D02_20260420073459_001105.jpg,D02_20260420073459_001105.jpg,D02,diyas,001105,1105,diyas/batch_002/frame_001105s.jpg,frame_001105s.jpg,diyas,batch_002
136,D02_20260420073459_001106.jpg,D02_20260420073459_001106.jpg,D02,diyas,001106,1106,diyas/batch_002/frame_001106s.jpg,frame_001106s.jpg,diyas,batch_002
137,D02_20260420073459_001107.jpg,D02_20260420073459_001107.jpg,D02,diyas,001107,1107,diyas/batch_002/frame_001107s.jpg,frame_001107s.jpg,diyas,batch_002
140,D02_20260420073459_001110.jpg,D02_20260420073459_001110.jpg,D02,diyas,001110,1110,diyas/batch_002/frame_001110s.jpg,frame_001110s.jpg,diyas,batch_002
141,D02_20260420073459_001111.jpg,D02_20260420073459_001111.jpg,D02,diyas,001111,1111,diyas/batch_002/frame_001111s.jpg,frame_001111s.jpg,diyas,batch_002
142,D02_20260420073459_001112.jpg,D02_20260420073459_001112.jpg,D02,diyas,001112,1112,diyas/batch_002/frame_001112s.jpg,frame_001112s.jpg,diyas,batch_002
143,D02_20260420073459_001113.jpg,D02_20260420073459_001113.jpg,D02,diyas,001113,1113,diyas/batch_002/frame_001113s.jpg,frame_001113s.jpg,diyas,batch_002
146,D02_20260420073459_001116.jpg,D02_20260420073459_001116.jpg,D02,diyas,001116,1116,diyas/batch_002/frame_001116s.jpg,frame_001116s.jpg,diyas,batch_002
147,D02_20260420073459_001117.jpg,D02_20260420073459_001117.jpg,D02,diyas,001117,1117,diyas/batch_002/frame_001117s.jpg,frame_001117s.jpg,diyas,batch_002
148,D02_20260420073459_001118.jpg,D02_20260420073459_001118.jpg,D02,diyas,001118,1118,diyas/batch_002/frame_001118s.jpg,frame_001118s.jpg,diyas,batch_002
149,D02_20260420073459_001119.jpg,D02_20260420073459_001119.jpg,D02,diyas,001119,1119,diyas/batch_002/frame_001119s.jpg,frame_001119s.jpg,diyas,batch_002
150,D02_20260420073459_001120.jpg,D02_20260420073459_001120.jpg,D02,diyas,001120,1120,diyas/batch_002/frame_001120s.jpg,frame_001120s.jpg,diyas,batch_002
151,D02_20260420073459_001121.jpg,D02_20260420073459_001121.jpg,D02,diyas,001121,1121,diyas/batch_002/frame_001121s.jpg,frame_001121s.jpg,diyas,batch_002
152,D02_20260420073459_001122.jpg,D02_20260420073459_001122.jpg,D02,diyas,001122,1122,diyas/batch_002/frame_001122s.jpg,frame_001122s.jpg,diyas,batch_002
153,D02_20260420073459_001123.jpg,D02_20260420073459_001123.jpg,D02,diyas,001123,1123,diyas/batch_002/frame_001123s.jpg,frame_001123s.jpg,diyas,batch_002
154,D02_20260420073459_001124.jpg,D02_20260420073459_001124.jpg,D02,diyas,001124,1124,diyas/batch_002/frame_001124s.jpg,frame_001124s.jpg,diyas,batch_002
155,D02_20260420073459_001125.jpg,D02_20260420073459_001125.jpg,D02,diyas,001125,1125,diyas/batch_002/frame_001125s.jpg,frame_001125s.jpg,diyas,batch_002
156,D02_20260420073459_001126.jpg,D02_20260420073459_001126.jpg,D02,diyas,001126,1126,diyas/batch_002/frame_001126s.jpg,frame_001126s.jpg,diyas,batch_002
157,D02_20260420073459_001127.jpg,D02_20260420073459_001127.jpg,D02,diyas,001127,1127,diyas/batch_002/frame_001127s.jpg,frame_001127s.jpg,diyas,batch_002
158,D02_20260420073459_001128.jpg,D02_20260420073459_001128.jpg,D02,diyas,001128,1128,diyas/batch_002/frame_001128s.jpg,frame_001128s.jpg,diyas,batch_002
159,D02_20260420073459_001129.jpg,D02_20260420073459_001129.jpg,D02,diyas,001129,1129,diyas/batch_002/frame_001129s.jpg,frame_001129s.jpg,diyas,batch_002
160,D02_20260420073459_001130.jpg,D02_20260420073459_001130.jpg,D02,diyas,001130,1130,diyas/batch_002/frame_001130s.jpg,frame_001130s.jpg,diyas,batch_002
169,D02_20260420073459_001139.jpg,D02_20260420073459_001139.jpg,D02,diyas,001139,1139,diyas/batch_002/frame_001139s.jpg,frame_001139s.jpg,diyas,batch_002
177,D02_20260420073459_001147.jpg,D02_20260420073459_001147.jpg,D02,diyas,001147,1147,diyas/batch_002/frame_001147s.jpg,frame_001147s.jpg,diyas,batch_002
180,D02_20260420073459_001150.jpg,D02_20260420073459_001150.jpg,D02,diyas,001150,1150,diyas/batch_002/frame_001150s.jpg,frame_001150s.jpg,diyas,batch_002
181,D02_20260420073459_001151.jpg,D02_20260420073459_001151.jpg,D02,diyas,001151,1151,diyas/batch_002/frame_001151s.jpg,frame_001151s.jpg,diyas,batch_002
182,D02_20260420073459_001152.jpg,D02_20260420073459_001152.jpg,D02,diyas,001152,1152,diyas/batch_002/frame_001152s.jpg,frame_001152s.jpg,diyas,batch_002
183,D02_20260420073459_001153.jpg,D02_20260420073459_001153.jpg,D02,diyas,001153,1153,diyas/batch_002/frame_001153s.jpg,frame_001153s.jpg,diyas,batch_002
184,D02_20260420073459_001154.jpg,D02_20260420073459_001154.jpg,D02,diyas,001154,1154,diyas/batch_002/frame_001154s.jpg,frame_001154s.jpg,diyas,batch_002
185,D02_20260420073459_001155.jpg,D02_20260420073459_001155.jpg,D02,diyas,001155,1155,diyas/batch_002/frame_001155s.jpg,frame_001155s.jpg,diyas,batch_002
186,D02_20260420073459_001156.jpg,D02_20260420073459_001156.jpg,D02,diyas,001156,1156,diyas/batch_002/frame_001156s.jpg,frame_001156s.jpg,diyas,batch_002
187,D02_20260420073459_001157.jpg,D02_20260420073459_001157.jpg,D02,diyas,001157,1157,diyas/batch_002/frame_001157s.jpg,frame_001157s.jpg,diyas,batch_002
188,D02_20260420073459_001158.jpg,D02_20260420073459_001158.jpg,D02,diyas,001158,1158,diyas/batch_002/frame_001158s.jpg,frame_001158s.jpg,diyas,batch_002
189,D02_20260420073459_001159.jpg,D02_20260420073459_001159.jpg,D02,diyas,001159,1159,diyas/batch_002/frame_001159s.jpg,frame_001159s.jpg,diyas,batch_002
190,D02_20260420073459_001160.jpg,D02_20260420073459_001160.jpg,D02,diyas,001160,1160,diyas/batch_002/frame_001160s.jpg,frame_001160s.jpg,diyas,batch_002
191,D02_20260420073459_001161.jpg,D02_20260420073459_001161.jpg,D02,diyas,001161,1161,diyas/batch_002/frame_001161s.jpg,frame_001161s.jpg,diyas,batch_002
192,D02_20260420073459_001162.jpg,D02_20260420073459_001162.jpg,D02,diyas,001162,1162,diyas/batch_002/frame_001162s.jpg,frame_001162s.jpg,diyas,batch_002
193,D02_20260420073459_001163.jpg,D02_20260420073459_001163.jpg,D02,diyas,001163,1163,diyas/batch_002/frame_001163s.jpg,frame_001163s.jpg,diyas,batch_002
194,D02_20260420073459_001164.jpg,D02_20260420073459_001164.jpg,D02,diyas,001164,1164,diyas/batch_002/frame_001164s.jpg,frame_001164s.jpg,diyas,batch_002
195,D02_20260420073459_001165.jpg,D02_20260420073459_001165.jpg,D02,diyas,001165,1165,diyas/batch_002/frame_001165s.jpg,frame_001165s.jpg,diyas,batch_002
196,D02_20260420073459_001166.jpg,D02_20260420073459_001166.jpg,D02,diyas,001166,1166,diyas/batch_002/frame_001166s.jpg,frame_001166s.jpg,diyas,batch_002
197,D02_20260420073459_001167.jpg,D02_20260420073459_001167.jpg,D02,diyas,001167,1167,diyas/batch_002/frame_001167s.jpg,frame_001167s.jpg,diyas,batch_002
198,D02_20260420073459_001168.jpg,D02_20260420073459_001168.jpg,D02,diyas,001168,1168,diyas/batch_002/frame_001168s.jpg,frame_001168s.jpg,diyas,batch_002
199,D02_20260420073459_001169.jpg,D02_20260420073459_001169.jpg,D02,diyas,001169,1169,diyas/batch_002/frame_001169s.jpg,frame_001169s.jpg,diyas,batch_002
200,D02_20260420073459_001170.jpg,D02_20260420073459_001170.jpg,D02,diyas,001170,1170,diyas/batch_002/frame_001170s.jpg,frame_001170s.jpg,diyas,batch_002
201,D02_20260420073459_001171.jpg,D02_20260420073459_001171.jpg,D02,diyas,001171,1171,diyas/batch_002/frame_001171s.jpg,frame_001171s.jpg,diyas,batch_002
202,D02_20260420073459_001172.jpg,D02_20260420073459_001172.jpg,D02,diyas,001172,1172,diyas/batch_002/frame_001172s.jpg,frame_001172s.jpg,diyas,batch_002
203,D02_20260420073459_001173.jpg,D02_20260420073459_001173.jpg,D02,diyas,001173,1173,diyas/batch_002/frame_001173s.jpg,frame_001173s.jpg,diyas,batch_002
204,D02_20260420073459_001174.jpg,D02_20260420073459_001174.jpg,D02,diyas,001174,1174,diyas/batch_002/frame_001174s.jpg,frame_001174s.jpg,diyas,batch_002
205,D02_20260420073459_001175.jpg,D02_20260420073459_001175.jpg,D02,diyas,001175,1175,diyas/batch_002/frame_001175s.jpg,frame_001175s.jpg,diyas,batch_002
206,D02_20260420073459_001176.jpg,D02_20260420073459_001176.jpg,D02,diyas,001176,1176,diyas/batch_002/frame_001176s.jpg,frame_001176s.jpg,diyas,batch_002
207,D02_20260420073459_001177.jpg,D02_20260420073459_001177.jpg,D02,diyas,001177,1177,diyas/batch_002/frame_001177s.jpg,frame_001177s.jpg,diyas,batch_002
208,D02_20260420073459_001178.jpg,D02_20260420073459_001178.jpg,D02,diyas,001178,1178,diyas/batch_002/frame_001178s.jpg,frame_001178s.jpg,diyas,batch_002
209,D02_20260420073459_001179.jpg,D02_20260420073459_001179.jpg,D02,diyas,001179,1179,diyas/batch_002/frame_001179s.jpg,frame_001179s.jpg,diyas,batch_002
210,D02_20260420073459_001180.jpg,D02_20260420073459_001180.jpg,D02,diyas,001180,1180,diyas/batch_002/frame_001180s.jpg,frame_001180s.jpg,diyas,batch_002
211,D02_20260420073459_001181.jpg,D02_20260420073459_001181.jpg,D02,diyas,001181,1181,diyas/batch_002/frame_001181s.jpg,frame_001181s.jpg,diyas,batch_002
212,D02_20260420073459_001182.jpg,D02_20260420073459_001182.jpg,D02,diyas,001182,1182,diyas/batch_002/frame_001182s.jpg,frame_001182s.jpg,diyas,batch_002
213,D02_20260420073459_001183.jpg,D02_20260420073459_001183.jpg,D02,diyas,001183,1183,diyas/batch_002/frame_001183s.jpg,frame_001183s.jpg,diyas,batch_002
214,D02_20260420073459_001184.jpg,D02_20260420073459_001184.jpg,D02,diyas,001184,1184,diyas/batch_002/frame_001184s.jpg,frame_001184s.jpg,diyas,batch_002
215,D02_20260420073459_001185.jpg,D02_20260420073459_001185.jpg,D02,diyas,001185,1185,diyas/batch_002/frame_001185s.jpg,frame_001185s.jpg,diyas,batch_002
216,D02_20260420073459_001186.jpg,D02_20260420073459_001186.jpg,D02,diyas,001186,1186,diyas/batch_002/frame_001186s.jpg,frame_001186s.jpg,diyas,batch_002
217,D02_20260420073459_001187.jpg,D02_20260420073459_001187.jpg,D02,diyas,001187,1187,diyas/batch_002/frame_001187s.jpg,frame_001187s.jpg,diyas,batch_002
218,D02_20260420073459_001188.jpg,D02_20260420073459_001188.jpg,D02,diyas,001188,1188,diyas/batch_002/frame_001188s.jpg,frame_001188s.jpg,diyas,batch_002
219,D02_20260420073459_001189.jpg,D02_20260420073459_001189.jpg,D02,diyas,001189,1189,diyas/batch_002/frame_001189s.jpg,frame_001189s.jpg,diyas,batch_002
220,D02_20260420073459_001190.jpg,D02_20260420073459_001190.jpg,D02,diyas,001190,1190,diyas/batch_002/frame_001190s.jpg,frame_001190s.jpg,diyas,batch_002
221,D02_20260420073459_001191.jpg,D02_20260420073459_001191.jpg,D02,diyas,001191,1191,diyas/batch_002/frame_001191s.jpg,frame_001191s.jpg,diyas,batch_002
222,D02_20260420073459_001192.jpg,D02_20260420073459_001192.jpg,D02,diyas,001192,1192,diyas/batch_002/frame_001192s.jpg,frame_001192s.jpg,diyas,batch_002
228,D02_20260420073459_001198.jpg,D02_20260420073459_001198.jpg,D02,diyas,001198,1198,diyas/batch_002/frame_001198s.jpg,frame_001198s.jpg,diyas,batch_002
229,D02_20260420073459_001199.jpg,D02_20260420073459_001199.jpg,D02,diyas,001199,1199,diyas/batch_002/frame_001199s.jpg,frame_001199s.jpg,diyas,batch_002
231,D02_20260420073459_001201.jpg,D02_20260420073459_001201.jpg,D02,diyas,001201,1201,diyas/batch_002/frame_001201s.jpg,frame_001201s.jpg,diyas,batch_002
232,D02_20260420073459_001202.jpg,D02_20260420073459_001202.jpg,D02,diyas,001202,1202,diyas/batch_002/frame_001202s.jpg,frame_001202s.jpg,diyas,batch_002
233,D02_20260420073459_001203.jpg,D02_20260420073459_001203.jpg,D02,diyas,001203,1203,diyas/batch_002/frame_001203s.jpg,frame_001203s.jpg,diyas,batch_002
234,D02_20260420073459_001204.jpg,D02_20260420073459_001204.jpg,D02,diyas,001204,1204,diyas/batch_002/frame_001204s.jpg,frame_001204s.jpg,diyas,batch_002
240,D02_20260420073459_001210.jpg,D02_20260420073459_001210.jpg,D02,diyas,001210,1210,diyas/batch_002/frame_001210s.jpg,frame_001210s.jpg,diyas,batch_002
241,D02_20260420073459_001211.jpg,D02_20260420073459_001211.jpg,D02,diyas,001211,1211,diyas/batch_002/frame_001211s.jpg,frame_001211s.jpg,diyas,batch_002
242,D02_20260420073459_001212.jpg,D02_20260420073459_001212.jpg,D02,diyas,001212,1212,diyas/batch_002/frame_001212s.jpg,frame_001212s.jpg,diyas,batch_002
243,D02_20260420073459_001213.jpg,D02_20260420073459_001213.jpg,D02,diyas,001213,1213,diyas/batch_002/frame_001213s.jpg,frame_001213s.jpg,diyas,batch_002
245,D02_20260420073459_001215.jpg,D02_20260420073459_001215.jpg,D02,diyas,001215,1215,diyas/batch_002/frame_001215s.jpg,frame_001215s.jpg,diyas,batch_002
246,D02_20260420073459_001216.jpg,D02_20260420073459_001216.jpg,D02,diyas,001216,1216,diyas/batch_002/frame_001216s.jpg,frame_001216s.jpg,diyas,batch_002
248,D02_20260420073459_001218.jpg,D02_20260420073459_001218.jpg,D02,diyas,001218,1218,diyas/batch_002/frame_001218s.jpg,frame_001218s.jpg,diyas,batch_002
249,D02_20260420073459_001219.jpg,D02_20260420073459_001219.jpg,D02,diyas,001219,1219,diyas/batch_002/frame_001219s.jpg,frame_001219s.jpg,diyas,batch_002
250,D02_20260420073459_001220.jpg,D02_20260420073459_001220.jpg,D02,diyas,001220,1220,diyas/batch_002/frame_001220s.jpg,frame_001220s.jpg,diyas,batch_002
251,D02_20260420073459_001221.jpg,D02_20260420073459_001221.jpg,D02,diyas,001221,1221,diyas/batch_002/frame_001221s.jpg,frame_001221s.jpg,diyas,batch_002
252,D02_20260420073459_001222.jpg,D02_20260420073459_001222.jpg,D02,diyas,001222,1222,diyas/batch_002/frame_001222s.jpg,frame_001222s.jpg,diyas,batch_002
253,D02_20260420073459_001223.jpg,D02_20260420073459_001223.jpg,D02,diyas,001223,1223,diyas/batch_002/frame_001223s.jpg,frame_001223s.jpg,diyas,batch_002
254,D02_20260420073459_001224.jpg,D02_20260420073459_001224.jpg,D02,diyas,001224,1224,diyas/batch_002/frame_001224s.jpg,frame_001224s.jpg,diyas,batch_002
255,D02_20260420073459_001225.jpg,D02_20260420073459_001225.jpg,D02,diyas,001225,1225,diyas/batch_002/frame_001225s.jpg,frame_001225s.jpg,diyas,batch_002
256,D02_20260420073459_001226.jpg,D02_20260420073459_001226.jpg,D02,diyas,001226,1226,diyas/batch_002/frame_001226s.jpg,frame_001226s.jpg,diyas,batch_002
257,D02_20260420073459_001227.jpg,D02_20260420073459_001227.jpg,D02,diyas,001227,1227,diyas/batch_002/frame_001227s.jpg,frame_001227s.jpg,diyas,batch_002
258,D02_20260420073459_001228.jpg,D02_20260420073459_001228.jpg,D02,diyas,001228,1228,diyas/batch_002/frame_001228s.jpg,frame_001228s.jpg,diyas,batch_002
259,D02_20260420073459_001229.jpg,D02_20260420073459_001229.jpg,D02,diyas,001229,1229,diyas/batch_002/frame_001229s.jpg,frame_001229s.jpg,diyas,batch_002
261,D02_20260420073459_001231.jpg,D02_20260420073459_001231.jpg,D02,diyas,001231,1231,diyas/batch_002/frame_001231s.jpg,frame_001231s.jpg,diyas,batch_002
262,D02_20260420073459_001232.jpg,D02_20260420073459_001232.jpg,D02,diyas,001232,1232,diyas/batch_002/frame_001232s.jpg,frame_001232s.jpg,diyas,batch_002
265,D02_20260420073459_001235.jpg,D02_20260420073459_001235.jpg,D02,diyas,001235,1235,diyas/batch_002/frame_001235s.jpg,frame_001235s.jpg,diyas,batch_002
266,D02_20260420073459_001236.jpg,D02_20260420073459_001236.jpg,D02,diyas,001236,1236,diyas/batch_002/frame_001236s.jpg,frame_001236s.jpg,diyas,batch_002
274,D02_20260420073459_001244.jpg,D02_20260420073459_001244.jpg,D02,diyas,001244,1244,diyas/batch_002/frame_001244s.jpg,frame_001244s.jpg,diyas,batch_002
280,D02_20260420073459_001250.jpg,D02_20260420073459_001250.jpg,D02,diyas,001250,1250,diyas/batch_002/frame_001250s.jpg,frame_001250s.jpg,diyas,batch_002
281,D02_20260420073459_001251.jpg,D02_20260420073459_001251.jpg,D02,diyas,001251,1251,diyas/batch_002/frame_001251s.jpg,frame_001251s.jpg,diyas,batch_002
282,D02_20260420073459_001252.jpg,D02_20260420073459_001252.jpg,D02,diyas,001252,1252,diyas/batch_002/frame_001252s.jpg,frame_001252s.jpg,diyas,batch_002
283,D02_20260420073459_001253.jpg,D02_20260420073459_001253.jpg,D02,diyas,001253,1253,diyas/batch_002/frame_001253s.jpg,frame_001253s.jpg,diyas,batch_002
286,D02_20260420073459_001256.jpg,D02_20260420073459_001256.jpg,D02,diyas,001256,1256,diyas/batch_002/frame_001256s.jpg,frame_001256s.jpg,diyas,batch_002
287,D02_20260420073459_001257.jpg,D02_20260420073459_001257.jpg,D02,diyas,001257,1257,diyas/batch_002/frame_001257s.jpg,frame_001257s.jpg,diyas,batch_002
288,D02_20260420073459_001258.jpg,D02_20260420073459_001258.jpg,D02,diyas,001258,1258,diyas/batch_002/frame_001258s.jpg,frame_001258s.jpg,diyas,batch_002
289,D02_20260420073459_001259.jpg,D02_20260420073459_001259.jpg,D02,diyas,001259,1259,diyas/batch_002/frame_001259s.jpg,frame_001259s.jpg,diyas,batch_002
290,D02_20260420073459_001260.jpg,D02_20260420073459_001260.jpg,D02,diyas,001260,1260,diyas/batch_002/frame_001260s.jpg,frame_001260s.jpg,diyas,batch_002
291,D02_20260420073459_001261.jpg,D02_20260420073459_001261.jpg,D02,diyas,001261,1261,diyas/batch_002/frame_001261s.jpg,frame_001261s.jpg,diyas,batch_002
292,D02_20260420073459_001262.jpg,D02_20260420073459_001262.jpg,D02,diyas,001262,1262,diyas/batch_002/frame_001262s.jpg,frame_001262s.jpg,diyas,batch_002
293,D02_20260420073459_001263.jpg,D02_20260420073459_001263.jpg,D02,diyas,001263,1263,diyas/batch_002/frame_001263s.jpg,frame_001263s.jpg,diyas,batch_002
294,D02_20260420073459_001264.jpg,D02_20260420073459_001264.jpg,D02,diyas,001264,1264,diyas/batch_002/frame_001264s.jpg,frame_001264s.jpg,diyas,batch_002
295,D02_20260420073459_001265.jpg,D02_20260420073459_001265.jpg,D02,diyas,001265,1265,diyas/batch_002/frame_001265s.jpg,frame_001265s.jpg,diyas,batch_002
296,D02_20260420073459_001266.jpg,D02_20260420073459_001266.jpg,D02,diyas,001266,1266,diyas/batch_002/frame_001266s.jpg,frame_001266s.jpg,diyas,batch_002
297,D02_20260420073459_001267.jpg,D02_20260420073459_001267.jpg,D02,diyas,001267,1267,diyas/batch_002/frame_001267s.jpg,frame_001267s.jpg,diyas,batch_002
298,D02_20260420073459_001268.jpg,D02_20260420073459_001268.jpg,D02,diyas,001268,1268,diyas/batch_002/frame_001268s.jpg,frame_001268s.jpg,diyas,batch_002
299,D02_20260420073459_001269.jpg,D02_20260420073459_001269.jpg,D02,diyas,001269,1269,diyas/batch_002/frame_001269s.jpg,frame_001269s.jpg,diyas,batch_002
300,D02_20260420073459_001270.jpg,D02_20260420073459_001270.jpg,D02,diyas,001270,1270,diyas/batch_002/frame_001270s.jpg,frame_001270s.jpg,diyas,batch_002
301,D02_20260420073459_001271.jpg,D02_20260420073459_001271.jpg,D02,diyas,001271,1271,diyas/batch_002/frame_001271s.jpg,frame_001271s.jpg,diyas,batch_002
302,D02_20260420073459_001272.jpg,D02_20260420073459_001272.jpg,D02,diyas,001272,1272,diyas/batch_002/frame_001272s.jpg,frame_001272s.jpg,diyas,batch_002
303,D02_20260420073459_001273.jpg,D02_20260420073459_001273.jpg,D02,diyas,001273,1273,diyas/batch_002/frame_001273s.jpg,frame_001273s.jpg,diyas,batch_002
304,D02_20260420073459_001274.jpg,D02_20260420073459_001274.jpg,D02,diyas,001274,1274,diyas/batch_002/frame_001274s.jpg,frame_001274s.jpg,diyas,batch_002
305,D02_20260420073459_001275.jpg,D02_20260420073459_001275.jpg,D02,diyas,001275,1275,diyas/batch_002/frame_001275s.jpg,frame_001275s.jpg,diyas,batch_002
306,D02_20260420073459_001276.jpg,D02_20260420073459_001276.jpg,D02,diyas,001276,1276,diyas/batch_002/frame_001276s.jpg,frame_001276s.jpg,diyas,batch_002
307,D02_20260420073459_001277.jpg,D02_20260420073459_001277.jpg,D02,diyas,001277,1277,diyas/batch_002/frame_001277s.jpg,frame_001277s.jpg,diyas,batch_002
308,D02_20260420073459_001278.jpg,D02_20260420073459_001278.jpg,D02,diyas,001278,1278,diyas/batch_002/frame_001278s.jpg,frame_001278s.jpg,diyas,batch_002
309,D02_20260420073459_001279.jpg,D02_20260420073459_001279.jpg,D02,diyas,001279,1279,diyas/batch_002/frame_001279s.jpg,frame_001279s.jpg,diyas,batch_002
310,D02_20260420073459_001280.jpg,D02_20260420073459_001280.jpg,D02,diyas,001280,1280,diyas/batch_002/frame_001280s.jpg,frame_001280s.jpg,diyas,batch_002
311,D02_20260420073459_001281.jpg,D02_20260420073459_001281.jpg,D02,diyas,001281,1281,diyas/batch_002/frame_001281s.jpg,frame_001281s.jpg,diyas,batch_002
312,D02_20260420073459_001282.jpg,D02_20260420073459_001282.jpg,D02,diyas,001282,1282,diyas/batch_002/frame_001282s.jpg,frame_001282s.jpg,diyas,batch_002
313,D02_20260420073459_001283.jpg,D02_20260420073459_001283.jpg,D02,diyas,001283,1283,diyas/batch_002/frame_001283s.jpg,frame_001283s.jpg,diyas,batch_002
314,D02_20260420073459_001284.jpg,D02_20260420073459_001284.jpg,D02,diyas,001284,1284,diyas/batch_002/frame_001284s.jpg,frame_001284s.jpg,diyas,batch_002
315,D02_20260420073459_001285.jpg,D02_20260420073459_001285.jpg,D02,diyas,001285,1285,diyas/batch_002/frame_001285s.jpg,frame_001285s.jpg,diyas,batch_002
316,D02_20260420073459_001286.jpg,D02_20260420073459_001286.jpg,D02,diyas,001286,1286,diyas/batch_002/frame_001286s.jpg,frame_001286s.jpg,diyas,batch_002
317,D02_20260420073459_001287.jpg,D02_20260420073459_001287.jpg,D02,diyas,001287,1287,diyas/batch_002/frame_001287s.jpg,frame_001287s.jpg,diyas,batch_002
318,D02_20260420073459_001288.jpg,D02_20260420073459_001288.jpg,D02,diyas,001288,1288,diyas/batch_002/frame_001288s.jpg,frame_001288s.jpg,diyas,batch_002
319,D02_20260420073459_001289.jpg,D02_20260420073459_001289.jpg,D02,diyas,001289,1289,diyas/batch_002/frame_001289s.jpg,frame_001289s.jpg,diyas,batch_002
320,D02_20260420073459_001290.jpg,D02_20260420073459_001290.jpg,D02,diyas,001290,1290,diyas/batch_002/frame_001290s.jpg,frame_001290s.jpg,diyas,batch_002
321,D02_20260420073459_001291.jpg,D02_20260420073459_001291.jpg,D02,diyas,001291,1291,diyas/batch_002/frame_001291s.jpg,frame_001291s.jpg,diyas,batch_002
322,D02_20260420073459_001292.jpg,D02_20260420073459_001292.jpg,D02,diyas,001292,1292,diyas/batch_002/frame_001292s.jpg,frame_001292s.jpg,diyas,batch_002
323,D02_20260420073459_001293.jpg,D02_20260420073459_001293.jpg,D02,diyas,001293,1293,diyas/batch_002/frame_001293s.jpg,frame_001293s.jpg,diyas,batch_002
324,D02_20260420073459_001294.jpg,D02_20260420073459_001294.jpg,D02,diyas,001294,1294,diyas/batch_002/frame_001294s.jpg,frame_001294s.jpg,diyas,batch_002
325,D02_20260420073459_001295.jpg,D02_20260420073459_001295.jpg,D02,diyas,001295,1295,diyas/batch_002/frame_001295s.jpg,frame_001295s.jpg,diyas,batch_002
326,D02_20260420073459_001296.jpg,D02_20260420073459_001296.jpg,D02,diyas,001296,1296,diyas/batch_002/frame_001296s.jpg,frame_001296s.jpg,diyas,batch_002
327,D02_20260420073459_001297.jpg,D02_20260420073459_001297.jpg,D02,diyas,001297,1297,diyas/batch_002/frame_001297s.jpg,frame_001297s.jpg,diyas,batch_002
333,D02_20260420073459_001303.jpg,D02_20260420073459_001303.jpg,D02,diyas,001303,1303,diyas/batch_002/frame_001303s.jpg,frame_001303s.jpg,diyas,batch_002
334,D02_20260420073459_001304.jpg,D02_20260420073459_001304.jpg,D02,diyas,001304,1304,diyas/batch_002/frame_001304s.jpg,frame_001304s.jpg,diyas,batch_002
335,D02_20260420073459_001305.jpg,D02_20260420073459_001305.jpg,D02,diyas,001305,1305,diyas/batch_002/frame_001305s.jpg,frame_001305s.jpg,diyas,batch_002
352,D02_20260420073459_001322.jpg,D02_20260420073459_001322.jpg,D02,diyas,001322,1322,diyas/batch_002/frame_001322s.jpg,frame_001322s.jpg,diyas,batch_002
353,D02_20260420073459_001323.jpg,D02_20260420073459_001323.jpg,D02,diyas,001323,1323,diyas/batch_002/frame_001323s.jpg,frame_001323s.jpg,diyas,batch_002
355,D02_20260420073459_001325.jpg,D02_20260420073459_001325.jpg,D02,diyas,001325,1325,diyas/batch_002/frame_001325s.jpg,frame_001325s.jpg,diyas,batch_002
356,D02_20260420073459_001326.jpg,D02_20260420073459_001326.jpg,D02,diyas,001326,1326,diyas/batch_002/frame_001326s.jpg,frame_001326s.jpg,diyas,batch_002
357,D02_20260420073459_001327.jpg,D02_20260420073459_001327.jpg,D02,diyas,001327,1327,diyas/batch_002/frame_001327s.jpg,frame_001327s.jpg,diyas,batch_002
358,D02_20260420073459_001328.jpg,D02_20260420073459_001328.jpg,D02,diyas,001328,1328,diyas/batch_002/frame_001328s.jpg,frame_001328s.jpg,diyas,batch_002
359,D02_20260420073459_001329.jpg,D02_20260420073459_001329.jpg,D02,diyas,001329,1329,diyas/batch_002/frame_001329s.jpg,frame_001329s.jpg,diyas,batch_002
360,D02_20260420073459_001330.jpg,D02_20260420073459_001330.jpg,D02,diyas,001330,1330,diyas/batch_002/frame_001330s.jpg,frame_001330s.jpg,diyas,batch_002
361,D02_20260420073459_001331.jpg,D02_20260420073459_001331.jpg,D02,diyas,001331,1331,diyas/batch_002/frame_001331s.jpg,frame_001331s.jpg,diyas,batch_002
362,D02_20260420073459_001332.jpg,D02_20260420073459_001332.jpg,D02,diyas,001332,1332,diyas/batch_002/frame_001332s.jpg,frame_001332s.jpg,diyas,batch_002
365,D02_20260420073459_001335.jpg,D02_20260420073459_001335.jpg,D02,diyas,001335,1335,diyas/batch_002/frame_001335s.jpg,frame_001335s.jpg,diyas,batch_002
366,D02_20260420073459_001336.jpg,D02_20260420073459_001336.jpg,D02,diyas,001336,1336,diyas/batch_002/frame_001336s.jpg,frame_001336s.jpg,diyas,batch_002
377,D02_20260420073459_001347.jpg,D02_20260420073459_001347.jpg,D02,diyas,001347,1347,diyas/batch_002/frame_001347s.jpg,frame_001347s.jpg,diyas,batch_002
378,D02_20260420073459_001348.jpg,D02_20260420073459_001348.jpg,D02,diyas,001348,1348,diyas/batch_002/frame_001348s.jpg,frame_001348s.jpg,diyas,batch_002
379,D02_20260420073459_001349.jpg,D02_20260420073459_001349.jpg,D02,diyas,001349,1349,diyas/batch_002/frame_001349s.jpg,frame_001349s.jpg,diyas,batch_002
386,D02_20260420073459_001356.jpg,D02_20260420073459_001356.jpg,D02,diyas,001356,1356,diyas/batch_002/frame_001356s.jpg,frame_001356s.jpg,diyas,batch_002
389,D02_20260420073459_001359.jpg,D02_20260420073459_001359.jpg,D02,diyas,001359,1359,diyas/batch_002/frame_001359s.jpg,frame_001359s.jpg,diyas,batch_002
390,D02_20260420073459_001360.jpg,D02_20260420073459_001360.jpg,D02,diyas,001360,1360,diyas/batch_002/frame_001360s.jpg,frame_001360s.jpg,diyas,batch_002
393,D02_20260420073459_001363.jpg,D02_20260420073459_001363.jpg,D02,diyas,001363,1363,diyas/batch_002/frame_001363s.jpg,frame_001363s.jpg,diyas,batch_002
394,D02_20260420073459_001364.jpg,D02_20260420073459_001364.jpg,D02,diyas,001364,1364,diyas/batch_002/frame_001364s.jpg,frame_001364s.jpg,diyas,batch_002
395,D02_20260420073459_001365.jpg,D02_20260420073459_001365.jpg,D02,diyas,001365,1365,diyas/batch_002/frame_001365s.jpg,frame_001365s.jpg,diyas,batch_002
396,D02_20260420073459_001366.jpg,D02_20260420073459_001366.jpg,D02,diyas,001366,1366,diyas/batch_002/frame_001366s.jpg,frame_001366s.jpg,diyas,batch_002
397,D02_20260420073459_001367.jpg,D02_20260420073459_001367.jpg,D02,diyas,001367,1367,diyas/batch_002/frame_001367s.jpg,frame_001367s.jpg,diyas,batch_002
399,D02_20260420073459_001369.jpg,D02_20260420073459_001369.jpg,D02,diyas,001369,1369,diyas/batch_002/frame_001369s.jpg,frame_001369s.jpg,diyas,batch_002
400,D02_20260420073459_001370.jpg,D02_20260420073459_001370.jpg,D02,diyas,001370,1370,diyas/batch_002/frame_001370s.jpg,frame_001370s.jpg,diyas,batch_002
401,D02_20260420073459_001371.jpg,D02_20260420073459_001371.jpg,D02,diyas,001371,1371,diyas/batch_002/frame_001371s.jpg,frame_001371s.jpg,diyas,batch_002
402,D02_20260420073459_001372.jpg,D02_20260420073459_001372.jpg,D02,diyas,001372,1372,diyas/batch_002/frame_001372s.jpg,frame_001372s.jpg,diyas,batch_002
403,D02_20260420073459_001373.jpg,D02_20260420073459_001373.jpg,D02,diyas,001373,1373,diyas/batch_002/frame_001373s.jpg,frame_001373s.jpg,diyas,batch_002
404,D02_20260420073459_001374.jpg,D02_20260420073459_001374.jpg,D02,diyas,001374,1374,diyas/batch_002/frame_001374s.jpg,frame_001374s.jpg,diyas,batch_002
405,D02_20260420073459_001375.jpg,D02_20260420073459_001375.jpg,D02,diyas,001375,1375,diyas/batch_002/frame_001375s.jpg,frame_001375s.jpg,diyas,batch_002
406,D02_20260420073459_001376.jpg,D02_20260420073459_001376.jpg,D02,diyas,001376,1376,diyas/batch_002/frame_001376s.jpg,frame_001376s.jpg,diyas,batch_002
407,D02_20260420073459_001377.jpg,D02_20260420073459_001377.jpg,D02,diyas,001377,1377,diyas/batch_002/frame_001377s.jpg,frame_001377s.jpg,diyas,batch_002
408,D02_20260420073459_001378.jpg,D02_20260420073459_001378.jpg,D02,diyas,001378,1378,diyas/batch_002/frame_001378s.jpg,frame_001378s.jpg,diyas,batch_002
409,D02_20260420073459_001379.jpg,D02_20260420073459_001379.jpg,D02,diyas,001379,1379,diyas/batch_002/frame_001379s.jpg,frame_001379s.jpg,diyas,batch_002
410,D02_20260420073459_001380.jpg,D02_20260420073459_001380.jpg,D02,diyas,001380,1380,diyas/batch_002/frame_001380s.jpg,frame_001380s.jpg,diyas,batch_002
411,D02_20260420073459_001381.jpg,D02_20260420073459_001381.jpg,D02,diyas,001381,1381,diyas/batch_002/frame_001381s.jpg,frame_001381s.jpg,diyas,batch_002
412,D02_20260420073459_001382.jpg,D02_20260420073459_001382.jpg,D02,diyas,001382,1382,diyas/batch_002/frame_001382s.jpg,frame_001382s.jpg,diyas,batch_002
413,D02_20260420073459_001383.jpg,D02_20260420073459_001383.jpg,D02,diyas,001383,1383,diyas/batch_002/frame_001383s.jpg,frame_001383s.jpg,diyas,batch_002
414,D02_20260420073459_001384.jpg,D02_20260420073459_001384.jpg,D02,diyas,001384,1384,diyas/batch_002/frame_001384s.jpg,frame_001384s.jpg,diyas,batch_002
415,D02_20260420073459_001385.jpg,D02_20260420073459_001385.jpg,D02,diyas,001385,1385,diyas/batch_002/frame_001385s.jpg,frame_001385s.jpg,diyas,batch_002
416,D02_20260420073459_001386.jpg,D02_20260420073459_001386.jpg,D02,diyas,001386,1386,diyas/batch_002/frame_001386s.jpg,frame_001386s.jpg,diyas,batch_002
417,D02_20260420073459_001387.jpg,D02_20260420073459_001387.jpg,D02,diyas,001387,1387,diyas/batch_002/frame_001387s.jpg,frame_001387s.jpg,diyas,batch_002
418,D02_20260420073459_001388.jpg,D02_20260420073459_001388.jpg,D02,diyas,001388,1388,diyas/batch_002/frame_001388s.jpg,frame_001388s.jpg,diyas,batch_002
419,D02_20260420073459_001389.jpg,D02_20260420073459_001389.jpg,D02,diyas,001389,1389,diyas/batch_002/frame_001389s.jpg,frame_001389s.jpg,diyas,batch_002
420,D02_20260420073459_001390.jpg,D02_20260420073459_001390.jpg,D02,diyas,001390,1390,diyas/batch_002/frame_001390s.jpg,frame_001390s.jpg,diyas,batch_002
421,D02_20260420073459_001391.jpg,D02_20260420073459_001391.jpg,D02,diyas,001391,1391,diyas/batch_002/frame_001391s.jpg,frame_001391s.jpg,diyas,batch_002
422,D02_20260420073459_001392.jpg,D02_20260420073459_001392.jpg,D02,diyas,001392,1392,diyas/batch_002/frame_001392s.jpg,frame_001392s.jpg,diyas,batch_002
423,D02_20260420073459_001393.jpg,D02_20260420073459_001393.jpg,D02,diyas,001393,1393,diyas/batch_002/frame_001393s.jpg,frame_001393s.jpg,diyas,batch_002
424,D02_20260420073459_001394.jpg,D02_20260420073459_001394.jpg,D02,diyas,001394,1394,diyas/batch_002/frame_001394s.jpg,frame_001394s.jpg,diyas,batch_002
425,D02_20260420073459_001395.jpg,D02_20260420073459_001395.jpg,D02,diyas,001395,1395,diyas/batch_002/frame_001395s.jpg,frame_001395s.jpg,diyas,batch_002
426,D02_20260420073459_001396.jpg,D02_20260420073459_001396.jpg,D02,diyas,001396,1396,diyas/batch_002/frame_001396s.jpg,frame_001396s.jpg,diyas,batch_002
427,D02_20260420073459_001397.jpg,D02_20260420073459_001397.jpg,D02,diyas,001397,1397,diyas/batch_002/frame_001397s.jpg,frame_001397s.jpg,diyas,batch_002
428,D02_20260420073459_001398.jpg,D02_20260420073459_001398.jpg,D02,diyas,001398,1398,diyas/batch_002/frame_001398s.jpg,frame_001398s.jpg,diyas,batch_002
429,D02_20260420073459_001399.jpg,D02_20260420073459_001399.jpg,D02,diyas,001399,1399,diyas/batch_002/frame_001399s.jpg,frame_001399s.jpg,diyas,batch_002
430,D02_20260420073459_001400.jpg,D02_20260420073459_001400.jpg,D02,diyas,001400,1400,diyas/batch_002/frame_001400s.jpg,frame_001400s.jpg,diyas,batch_002
431,D02_20260420073459_001401.jpg,D02_20260420073459_001401.jpg,D02,diyas,001401,1401,diyas/batch_002/frame_001401s.jpg,frame_001401s.jpg,diyas,batch_002
432,D02_20260420073459_001402.jpg,D02_20260420073459_001402.jpg,D02,diyas,001402,1402,diyas/batch_002/frame_001402s.jpg,frame_001402s.jpg,diyas,batch_002
433,D02_20260420073459_001403.jpg,D02_20260420073459_001403.jpg,D02,diyas,001403,1403,diyas/batch_002/frame_001403s.jpg,frame_001403s.jpg,diyas,batch_002
434,D02_20260420073459_001404.jpg,D02_20260420073459_001404.jpg,D02,diyas,001404,1404,diyas/batch_002/frame_001404s.jpg,frame_001404s.jpg,diyas,batch_002
435,D02_20260420073459_001405.jpg,D02_20260420073459_001405.jpg,D02,diyas,001405,1405,diyas/batch_002/frame_001405s.jpg,frame_001405s.jpg,diyas,batch_002
436,D02_20260420073459_001406.jpg,D02_20260420073459_001406.jpg,D02,diyas,001406,1406,diyas/batch_002/frame_001406s.jpg,frame_001406s.jpg,diyas,batch_002
438,D02_20260420073459_001408.jpg,D02_20260420073459_001408.jpg,D02,diyas,001408,1408,diyas/batch_002/frame_001408s.jpg,frame_001408s.jpg,diyas,batch_002
439,D02_20260420073459_001409.jpg,D02_20260420073459_001409.jpg,D02,diyas,001409,1409,diyas/batch_002/frame_001409s.jpg,frame_001409s.jpg,diyas,batch_002
442,D02_20260420073459_001412.jpg,D02_20260420073459_001412.jpg,D02,diyas,001412,1412,diyas/batch_002/frame_001412s.jpg,frame_001412s.jpg,diyas,batch_002
445,D02_20260420073459_001415.jpg,D02_20260420073459_001415.jpg,D02,diyas,001415,1415,diyas/batch_002/frame_001415s.jpg,frame_001415s.jpg,diyas,batch_002
446,D02_20260420073459_001416.jpg,D02_20260420073459_001416.jpg,D02,diyas,001416,1416,diyas/batch_002/frame_001416s.jpg,frame_001416s.jpg,diyas,batch_002
447,D02_20260420073459_001417.jpg,D02_20260420073459_001417.jpg,D02,diyas,001417,1417,diyas/batch_002/frame_001417s.jpg,frame_001417s.jpg,diyas,batch_002
448,D02_20260420073459_001418.jpg,D02_20260420073459_001418.jpg,D02,diyas,001418,1418,diyas/batch_002/frame_001418s.jpg,frame_001418s.jpg,diyas,batch_002
450,D02_20260420073459_001420.jpg,D02_20260420073459_001420.jpg,D02,diyas,001420,1420,diyas/batch_002/frame_001420s.jpg,frame_001420s.jpg,diyas,batch_002
451,D02_20260420073459_001421.jpg,D02_20260420073459_001421.jpg,D02,diyas,001421,1421,diyas/batch_002/frame_001421s.jpg,frame_001421s.jpg,diyas,batch_002
452,D02_20260420073459_001422.jpg,D02_20260420073459_001422.jpg,D02,diyas,001422,1422,diyas/batch_002/frame_001422s.jpg,frame_001422s.jpg,diyas,batch_002
453,D02_20260420073459_001423.jpg,D02_20260420073459_001423.jpg,D02,diyas,001423,1423,diyas/batch_002/frame_001423s.jpg,frame_001423s.jpg,diyas,batch_002
454,D02_20260420073459_001424.jpg,D02_20260420073459_001424.jpg,D02,diyas,001424,1424,diyas/batch_002/frame_001424s.jpg,frame_001424s.jpg,diyas,batch_002
455,D02_20260420073459_001425.jpg,D02_20260420073459_001425.jpg,D02,diyas,001425,1425,diyas/batch_002/frame_001425s.jpg,frame_001425s.jpg,diyas,batch_002
456,D02_20260420073459_001426.jpg,D02_20260420073459_001426.jpg,D02,diyas,001426,1426,diyas/batch_002/frame_001426s.jpg,frame_001426s.jpg,diyas,batch_002
457,D02_20260420073459_001427.jpg,D02_20260420073459_001427.jpg,D02,diyas,001427,1427,diyas/batch_002/frame_001427s.jpg,frame_001427s.jpg,diyas,batch_002
458,D02_20260420073459_001428.jpg,D02_20260420073459_001428.jpg,D02,diyas,001428,1428,diyas/batch_002/frame_001428s.jpg,frame_001428s.jpg,diyas,batch_002
459,D02_20260420073459_001429.jpg,D02_20260420073459_001429.jpg,D02,diyas,001429,1429,diyas/batch_002/frame_001429s.jpg,frame_001429s.jpg,diyas,batch_002
460,D02_20260420073459_001430.jpg,D02_20260420073459_001430.jpg,D02,diyas,001430,1430,diyas/batch_002/frame_001430s.jpg,frame_001430s.jpg,diyas,batch_002
461,D02_20260420073459_001431.jpg,D02_20260420073459_001431.jpg,D02,diyas,001431,1431,diyas/batch_002/frame_001431s.jpg,frame_001431s.jpg,diyas,batch_002
462,D02_20260420073459_001432.jpg,D02_20260420073459_001432.jpg,D02,diyas,001432,1432,diyas/batch_002/frame_001432s.jpg,frame_001432s.jpg,diyas,batch_002
463,D02_20260420073459_001433.jpg,D02_20260420073459_001433.jpg,D02,diyas,001433,1433,diyas/batch_002/frame_001433s.jpg,frame_001433s.jpg,diyas,batch_002
464,D02_20260420073459_001434.jpg,D02_20260420073459_001434.jpg,D02,diyas,001434,1434,diyas/batch_002/frame_001434s.jpg,frame_001434s.jpg,diyas,batch_002
465,D02_20260420073459_001435.jpg,D02_20260420073459_001435.jpg,D02,diyas,001435,1435,diyas/batch_002/frame_001435s.jpg,frame_001435s.jpg,diyas,batch_002
466,D02_20260420073459_001436.jpg,D02_20260420073459_001436.jpg,D02,diyas,001436,1436,diyas/batch_002/frame_001436s.jpg,frame_001436s.jpg,diyas,batch_002
467,D02_20260420073459_001437.jpg,D02_20260420073459_001437.jpg,D02,diyas,001437,1437,diyas/batch_002/frame_001437s.jpg,frame_001437s.jpg,diyas,batch_002
468,D02_20260420073459_001438.jpg,D02_20260420073459_001438.jpg,D02,diyas,001438,1438,diyas/batch_002/frame_001438s.jpg,frame_001438s.jpg,diyas,batch_002
469,D02_20260420073459_001439.jpg,D02_20260420073459_001439.jpg,D02,diyas,001439,1439,diyas/batch_002/frame_001439s.jpg,frame_001439s.jpg,diyas,batch_002
470,D02_20260420073459_001440.jpg,D02_20260420073459_001440.jpg,D02,diyas,001440,1440,diyas/batch_002/frame_001440s.jpg,frame_001440s.jpg,diyas,batch_002
471,D02_20260420073459_001441.jpg,D02_20260420073459_001441.jpg,D02,diyas,001441,1441,diyas/batch_002/frame_001441s.jpg,frame_001441s.jpg,diyas,batch_002
472,D02_20260420073459_001442.jpg,D02_20260420073459_001442.jpg,D02,diyas,001442,1442,diyas/batch_002/frame_001442s.jpg,frame_001442s.jpg,diyas,batch_002
473,D02_20260420073459_001443.jpg,D02_20260420073459_001443.jpg,D02,diyas,001443,1443,diyas/batch_002/frame_001443s.jpg,frame_001443s.jpg,diyas,batch_002
474,D02_20260420073459_001444.jpg,D02_20260420073459_001444.jpg,D02,diyas,001444,1444,diyas/batch_002/frame_001444s.jpg,frame_001444s.jpg,diyas,batch_002
475,D02_20260420073459_001445.jpg,D02_20260420073459_001445.jpg,D02,diyas,001445,1445,diyas/batch_002/frame_001445s.jpg,frame_001445s.jpg,diyas,batch_002
476,D02_20260420073459_001446.jpg,D02_20260420073459_001446.jpg,D02,diyas,001446,1446,diyas/batch_002/frame_001446s.jpg,frame_001446s.jpg,diyas,batch_002
477,D02_20260420073459_001447.jpg,D02_20260420073459_001447.jpg,D02,diyas,001447,1447,diyas/batch_002/frame_001447s.jpg,frame_001447s.jpg,diyas,batch_002
478,D02_20260420073459_001448.jpg,D02_20260420073459_001448.jpg,D02,diyas,001448,1448,diyas/batch_002/frame_001448s.jpg,frame_001448s.jpg,diyas,batch_002
479,D02_20260420073459_001449.jpg,D02_20260420073459_001449.jpg,D02,diyas,001449,1449,diyas/batch_002/frame_001449s.jpg,frame_001449s.jpg,diyas,batch_002
480,D02_20260420073459_001450.jpg,D02_20260420073459_001450.jpg,D02,diyas,001450,1450,diyas/batch_002/frame_001450s.jpg,frame_001450s.jpg,diyas,batch_002
481,D02_20260420073459_001451.jpg,D02_20260420073459_001451.jpg,D02,diyas,001451,1451,diyas/batch_002/frame_001451s.jpg,frame_001451s.jpg,diyas,batch_002
482,D02_20260420073459_001452.jpg,D02_20260420073459_001452.jpg,D02,diyas,001452,1452,diyas/batch_002/frame_001452s.jpg,frame_001452s.jpg,diyas,batch_002
483,D02_20260420073459_001453.jpg,D02_20260420073459_001453.jpg,D02,diyas,001453,1453,diyas/batch_002/frame_001453s.jpg,frame_001453s.jpg,diyas,batch_002
484,D02_20260420073459_001454.jpg,D02_20260420073459_001454.jpg,D02,diyas,001454,1454,diyas/batch_002/frame_001454s.jpg,frame_001454s.jpg,diyas,batch_002
485,D02_20260420073459_001455.jpg,D02_20260420073459_001455.jpg,D02,diyas,001455,1455,diyas/batch_002/frame_001455s.jpg,frame_001455s.jpg,diyas,batch_002
486,D02_20260420073459_001456.jpg,D02_20260420073459_001456.jpg,D02,diyas,001456,1456,diyas/batch_002/frame_001456s.jpg,frame_001456s.jpg,diyas,batch_002
487,D02_20260420073459_001457.jpg,D02_20260420073459_001457.jpg,D02,diyas,001457,1457,diyas/batch_002/frame_001457s.jpg,frame_001457s.jpg,diyas,batch_002
488,D02_20260420073459_001458.jpg,D02_20260420073459_001458.jpg,D02,diyas,001458,1458,diyas/batch_002/frame_001458s.jpg,frame_001458s.jpg,diyas,batch_002
489,D02_20260420073459_001459.jpg,D02_20260420073459_001459.jpg,D02,diyas,001459,1459,diyas/batch_002/frame_001459s.jpg,frame_001459s.jpg,diyas,batch_002
490,D02_20260420073459_001460.jpg,D02_20260420073459_001460.jpg,D02,diyas,001460,1460,diyas/batch_002/frame_001460s.jpg,frame_001460s.jpg,diyas,batch_002
491,D02_20260420073459_001461.jpg,D02_20260420073459_001461.jpg,D02,diyas,001461,1461,diyas/batch_002/frame_001461s.jpg,frame_001461s.jpg,diyas,batch_002
492,D02_20260420073459_001462.jpg,D02_20260420073459_001462.jpg,D02,diyas,001462,1462,diyas/batch_002/frame_001462s.jpg,frame_001462s.jpg,diyas,batch_002
493,D02_20260420073459_001463.jpg,D02_20260420073459_001463.jpg,D02,diyas,001463,1463,diyas/batch_002/frame_001463s.jpg,frame_001463s.jpg,diyas,batch_002
494,D02_20260420073459_001464.jpg,D02_20260420073459_001464.jpg,D02,diyas,001464,1464,diyas/batch_002/frame_001464s.jpg,frame_001464s.jpg,diyas,batch_002
495,D02_20260420073459_001465.jpg,D02_20260420073459_001465.jpg,D02,diyas,001465,1465,diyas/batch_002/frame_001465s.jpg,frame_001465s.jpg,diyas,batch_002
497,D02_20260420073459_001467.jpg,D02_20260420073459_001467.jpg,D02,diyas,001467,1467,diyas/batch_002/frame_001467s.jpg,frame_001467s.jpg,diyas,batch_002
498,D02_20260420073459_001468.jpg,D02_20260420073459_001468.jpg,D02,diyas,001468,1468,diyas/batch_002/frame_001468s.jpg,frame_001468s.jpg,diyas,batch_002
499,D02_20260420073459_001469.jpg,D02_20260420073459_001469.jpg,D02,diyas,001469,1469,diyas/batch_002/frame_001469s.jpg,frame_001469s.jpg,diyas,batch_002
500,D02_20260420073459_001470.jpg,D02_20260420073459_001470.jpg,D02,diyas,001470,1470,diyas/batch_002/frame_001470s.jpg,frame_001470s.jpg,diyas,batch_002
501,D02_20260420073459_001471.jpg,D02_20260420073459_001471.jpg,D02,diyas,001471,1471,diyas/batch_002/frame_001471s.jpg,frame_001471s.jpg,diyas,batch_002
502,D02_20260420073459_001472.jpg,D02_20260420073459_001472.jpg,D02,diyas,001472,1472,diyas/batch_002/frame_001472s.jpg,frame_001472s.jpg,diyas,batch_002
505,D02_20260420073459_001475.jpg,D02_20260420073459_001475.jpg,D02,diyas,001475,1475,diyas/batch_002/frame_001475s.jpg,frame_001475s.jpg,diyas,batch_002
506,D02_20260420073459_001476.jpg,D02_20260420073459_001476.jpg,D02,diyas,001476,1476,diyas/batch_002/frame_001476s.jpg,frame_001476s.jpg,diyas,batch_002
507,D02_20260420073459_001477.jpg,D02_20260420073459_001477.jpg,D02,diyas,001477,1477,diyas/batch_002/frame_001477s.jpg,frame_001477s.jpg,diyas,batch_002
508,D02_20260420073459_001478.jpg,D02_20260420073459_001478.jpg,D02,diyas,001478,1478,diyas/batch_002/frame_001478s.jpg,frame_001478s.jpg,diyas,batch_002
509,D02_20260420073459_001479.jpg,D02_20260420073459_001479.jpg,D02,diyas,001479,1479,diyas/batch_002/frame_001479s.jpg,frame_001479s.jpg,diyas,batch_002
512,D02_20260420073459_001482.jpg,D02_20260420073459_001482.jpg,D02,diyas,001482,1482,diyas/batch_002/frame_001482s.jpg,frame_001482s.jpg,diyas,batch_002
513,D02_20260420073459_001483.jpg,D02_20260420073459_001483.jpg,D02,diyas,001483,1483,diyas/batch_002/frame_001483s.jpg,frame_001483s.jpg,diyas,batch_002
521,D02_20260420073459_001491.jpg,D02_20260420073459_001491.jpg,D02,diyas,001491,1491,diyas/batch_002/frame_001491s.jpg,frame_001491s.jpg,diyas,batch_002
522,D02_20260420073459_001492.jpg,D02_20260420073459_001492.jpg,D02,diyas,001492,1492,diyas/batch_002/frame_001492s.jpg,frame_001492s.jpg,diyas,batch_002
523,D02_20260420073459_001493.jpg,D02_20260420073459_001493.jpg,D02,diyas,001493,1493,diyas/batch_002/frame_001493s.jpg,frame_001493s.jpg,diyas,batch_002
526,D02_20260420073459_001496.jpg,D02_20260420073459_001496.jpg,D02,diyas,001496,1496,diyas/batch_002/frame_001496s.jpg,frame_001496s.jpg,diyas,batch_002
527,D02_20260420073459_001497.jpg,D02_20260420073459_001497.jpg,D02,diyas,001497,1497,diyas/batch_002/frame_001497s.jpg,frame_001497s.jpg,diyas,batch_002
531,D02_20260420073459_001501.jpg,D02_20260420073459_001501.jpg,D02,diyas,001501,1501,diyas/batch_002/frame_001501s.jpg,frame_001501s.jpg,diyas,batch_002
533,D02_20260420073459_001503.jpg,D02_20260420073459_001503.jpg,D02,diyas,001503,1503,diyas/batch_002/frame_001503s.jpg,frame_001503s.jpg,diyas,batch_002
536,D02_20260420073459_001506.jpg,D02_20260420073459_001506.jpg,D02,diyas,001506,1506,diyas/batch_002/frame_001506s.jpg,frame_001506s.jpg,diyas,batch_002
537,D02_20260420073459_001507.jpg,D02_20260420073459_001507.jpg,D02,diyas,001507,1507,diyas/batch_002/frame_001507s.jpg,frame_001507s.jpg,diyas,batch_002
539,D02_20260420073459_001509.jpg,D02_20260420073459_001509.jpg,D02,diyas,001509,1509,diyas/batch_002/frame_001509s.jpg,frame_001509s.jpg,diyas,batch_002
544,D02_20260420073459_001514.jpg,D02_20260420073459_001514.jpg,D02,diyas,001514,1514,diyas/batch_002/frame_001514s.jpg,frame_001514s.jpg,diyas,batch_002
545,D02_20260420073459_001515.jpg,D02_20260420073459_001515.jpg,D02,diyas,001515,1515,diyas/batch_002/frame_001515s.jpg,frame_001515s.jpg,diyas,batch_002
546,D02_20260420073459_001516.jpg,D02_20260420073459_001516.jpg,D02,diyas,001516,1516,diyas/batch_002/frame_001516s.jpg,frame_001516s.jpg,diyas,batch_002
547,D02_20260420073459_001517.jpg,D02_20260420073459_001517.jpg,D02,diyas,001517,1517,diyas/batch_002/frame_001517s.jpg,frame_001517s.jpg,diyas,batch_002
548,D02_20260420073459_001518.jpg,D02_20260420073459_001518.jpg,D02,diyas,001518,1518,diyas/batch_002/frame_001518s.jpg,frame_001518s.jpg,diyas,batch_002
549,D02_20260420073459_001519.jpg,D02_20260420073459_001519.jpg,D02,diyas,001519,1519,diyas/batch_002/frame_001519s.jpg,frame_001519s.jpg,diyas,batch_002
550,D02_20260420073459_001520.jpg,D02_20260420073459_001520.jpg,D02,diyas,001520,1520,diyas/batch_002/frame_001520s.jpg,frame_001520s.jpg,diyas,batch_002
551,D02_20260420073459_001521.jpg,D02_20260420073459_001521.jpg,D02,diyas,001521,1521,diyas/batch_002/frame_001521s.jpg,frame_001521s.jpg,diyas,batch_002
552,D02_20260420073459_001522.jpg,D02_20260420073459_001522.jpg,D02,diyas,001522,1522,diyas/batch_002/frame_001522s.jpg,frame_001522s.jpg,diyas,batch_002
553,D02_20260420073459_001523.jpg,D02_20260420073459_001523.jpg,D02,diyas,001523,1523,diyas/batch_002/frame_001523s.jpg,frame_001523s.jpg,diyas,batch_002
554,D02_20260420073459_001524.jpg,D02_20260420073459_001524.jpg,D02,diyas,001524,1524,diyas/batch_002/frame_001524s.jpg,frame_001524s.jpg,diyas,batch_002
555,D02_20260420073459_001525.jpg,D02_20260420073459_001525.jpg,D02,diyas,001525,1525,diyas/batch_002/frame_001525s.jpg,frame_001525s.jpg,diyas,batch_002
556,D02_20260420073459_001526.jpg,D02_20260420073459_001526.jpg,D02,diyas,001526,1526,diyas/batch_002/frame_001526s.jpg,frame_001526s.jpg,diyas,batch_002
557,D02_20260420073459_001527.jpg,D02_20260420073459_001527.jpg,D02,diyas,001527,1527,diyas/batch_002/frame_001527s.jpg,frame_001527s.jpg,diyas,batch_002
558,D02_20260420073459_001528.jpg,D02_20260420073459_001528.jpg,D02,diyas,001528,1528,diyas/batch_002/frame_001528s.jpg,frame_001528s.jpg,diyas,batch_002
559,D02_20260420073459_001529.jpg,D02_20260420073459_001529.jpg,D02,diyas,001529,1529,diyas/batch_002/frame_001529s.jpg,frame_001529s.jpg,diyas,batch_002
560,D02_20260420073459_001530.jpg,D02_20260420073459_001530.jpg,D02,diyas,001530,1530,diyas/batch_002/frame_001530s.jpg,frame_001530s.jpg,diyas,batch_002
561,D02_20260420073459_001531.jpg,D02_20260420073459_001531.jpg,D02,diyas,001531,1531,diyas/batch_002/frame_001531s.jpg,frame_001531s.jpg,diyas,batch_002
562,D02_20260420073459_001532.jpg,D02_20260420073459_001532.jpg,D02,diyas,001532,1532,diyas/batch_002/frame_001532s.jpg,frame_001532s.jpg,diyas,batch_002
563,D02_20260420073459_001533.jpg,D02_20260420073459_001533.jpg,D02,diyas,001533,1533,diyas/batch_002/frame_001533s.jpg,frame_001533s.jpg,diyas,batch_002
564,D02_20260420073459_001534.jpg,D02_20260420073459_001534.jpg,D02,diyas,001534,1534,diyas/batch_002/frame_001534s.jpg,frame_001534s.jpg,diyas,batch_002
565,D02_20260420073459_001535.jpg,D02_20260420073459_001535.jpg,D02,diyas,001535,1535,diyas/batch_002/frame_001535s.jpg,frame_001535s.jpg,diyas,batch_002
566,D02_20260420073459_001536.jpg,D02_20260420073459_001536.jpg,D02,diyas,001536,1536,diyas/batch_002/frame_001536s.jpg,frame_001536s.jpg,diyas,batch_002
567,D02_20260420073459_001537.jpg,D02_20260420073459_001537.jpg,D02,diyas,001537,1537,diyas/batch_002/frame_001537s.jpg,frame_001537s.jpg,diyas,batch_002
571,D02_20260420073459_001541.jpg,D02_20260420073459_001541.jpg,D02,diyas,001541,1541,diyas/batch_002/frame_001541s.jpg,frame_001541s.jpg,diyas,batch_002
572,D02_20260420073459_001542.jpg,D02_20260420073459_001542.jpg,D02,diyas,001542,1542,diyas/batch_002/frame_001542s.jpg,frame_001542s.jpg,diyas,batch_002
577,D02_20260420073459_001547.jpg,D02_20260420073459_001547.jpg,D02,diyas,001547,1547,diyas/batch_002/frame_001547s.jpg,frame_001547s.jpg,diyas,batch_002
578,D02_20260420073459_001548.jpg,D02_20260420073459_001548.jpg,D02,diyas,001548,1548,diyas/batch_002/frame_001548s.jpg,frame_001548s.jpg,diyas,batch_002
579,D02_20260420073459_001549.jpg,D02_20260420073459_001549.jpg,D02,diyas,001549,1549,diyas/batch_002/frame_001549s.jpg,frame_001549s.jpg,diyas,batch_002
580,D02_20260420073459_001550.jpg,D02_20260420073459_001550.jpg,D02,diyas,001550,1550,diyas/batch_002/frame_001550s.jpg,frame_001550s.jpg,diyas,batch_002
581,D02_20260420073459_001551.jpg,D02_20260420073459_001551.jpg,D02,diyas,001551,1551,diyas/batch_002/frame_001551s.jpg,frame_001551s.jpg,diyas,batch_002
582,D02_20260420073459_001552.jpg,D02_20260420073459_001552.jpg,D02,diyas,001552,1552,diyas/batch_002/frame_001552s.jpg,frame_001552s.jpg,diyas,batch_002
583,D02_20260420073459_001553.jpg,D02_20260420073459_001553.jpg,D02,diyas,001553,1553,diyas/batch_002/frame_001553s.jpg,frame_001553s.jpg,diyas,batch_002
593,D02_20260420073459_001563.jpg,D02_20260420073459_001563.jpg,D02,diyas,001563,1563,diyas/batch_002/frame_001563s.jpg,frame_001563s.jpg,diyas,batch_002
594,D02_20260420073459_001564.jpg,D02_20260420073459_001564.jpg,D02,diyas,001564,1564,diyas/batch_002/frame_001564s.jpg,frame_001564s.jpg,diyas,batch_002
595,D02_20260420073459_001565.jpg,D02_20260420073459_001565.jpg,D02,diyas,001565,1565,diyas/batch_002/frame_001565s.jpg,frame_001565s.jpg,diyas,batch_002
596,D02_20260420073459_001566.jpg,D02_20260420073459_001566.jpg,D02,diyas,001566,1566,diyas/batch_002/frame_001566s.jpg,frame_001566s.jpg,diyas,batch_002
597,D02_20260420073459_001567.jpg,D02_20260420073459_001567.jpg,D02,diyas,001567,1567,diyas/batch_002/frame_001567s.jpg,frame_001567s.jpg,diyas,batch_002
598,D02_20260420073459_001568.jpg,D02_20260420073459_001568.jpg,D02,diyas,001568,1568,diyas/batch_002/frame_001568s.jpg,frame_001568s.jpg,diyas,batch_002
599,D02_20260420073459_001569.jpg,D02_20260420073459_001569.jpg,D02,diyas,001569,1569,diyas/batch_002/frame_001569s.jpg,frame_001569s.jpg,diyas,batch_002
600,D02_20260420073459_001570.jpg,D02_20260420073459_001570.jpg,D02,diyas,001570,1570,diyas/batch_002/frame_001570s.jpg,frame_001570s.jpg,diyas,batch_002
601,D02_20260420073459_001571.jpg,D02_20260420073459_001571.jpg,D02,diyas,001571,1571,diyas/batch_002/frame_001571s.jpg,frame_001571s.jpg,diyas,batch_002
602,D02_20260420073459_001572.jpg,D02_20260420073459_001572.jpg,D02,diyas,001572,1572,diyas/batch_002/frame_001572s.jpg,frame_001572s.jpg,diyas,batch_002
603,D02_20260420073459_001573.jpg,D02_20260420073459_001573.jpg,D02,diyas,001573,1573,diyas/batch_002/frame_001573s.jpg,frame_001573s.jpg,diyas,batch_002
608,D02_20260420073459_001578.jpg,D02_20260420073459_001578.jpg,D02,diyas,001578,1578,diyas/batch_002/frame_001578s.jpg,frame_001578s.jpg,diyas,batch_002
609,D02_20260420073459_001579.jpg,D02_20260420073459_001579.jpg,D02,diyas,001579,1579,diyas/batch_002/frame_001579s.jpg,frame_001579s.jpg,diyas,batch_002
610,D02_20260420073459_001580.jpg,D02_20260420073459_001580.jpg,D02,diyas,001580,1580,diyas/batch_002/frame_001580s.jpg,frame_001580s.jpg,diyas,batch_002
611,D02_20260420073459_001581.jpg,D02_20260420073459_001581.jpg,D02,diyas,001581,1581,diyas/batch_002/frame_001581s.jpg,frame_001581s.jpg,diyas,batch_002
612,D02_20260420073459_001582.jpg,D02_20260420073459_001582.jpg,D02,diyas,001582,1582,diyas/batch_002/frame_001582s.jpg,frame_001582s.jpg,diyas,batch_002
656,D02_20260420073459_001626.jpg,D02_20260420073459_001626.jpg,D02,diyas,001626,1626,diyas/batch_002/frame_001626s.jpg,frame_001626s.jpg,diyas,batch_002
657,D02_20260420073459_001627.jpg,D02_20260420073459_001627.jpg,D02,diyas,001627,1627,diyas/batch_002/frame_001627s.jpg,frame_001627s.jpg,diyas,batch_002
670,D02_20260420073459_001640.jpg,D02_20260420073459_001640.jpg,D02,diyas,001640,1640,diyas/batch_002/frame_001640s.jpg,frame_001640s.jpg,diyas,batch_002
676,D02_20260420073459_001646.jpg,D02_20260420073459_001646.jpg,D02,diyas,001646,1646,diyas/batch_002/frame_001646s.jpg,frame_001646s.jpg,diyas,batch_002
692,D02_20260420073459_001662.jpg,D02_20260420073459_001662.jpg,D02,diyas,001662,1662,diyas/batch_002/frame_001662s.jpg,frame_001662s.jpg,diyas,batch_002
694,D02_20260420073459_001664.jpg,D02_20260420073459_001664.jpg,D02,diyas,001664,1664,diyas/batch_002/frame_001664s.jpg,frame_001664s.jpg,diyas,batch_002
702,D02_20260420073459_001672.jpg,D02_20260420073459_001672.jpg,D02,diyas,001672,1672,diyas/batch_002/frame_001672s.jpg,frame_001672s.jpg,diyas,batch_002
703,D02_20260420073459_001673.jpg,D02_20260420073459_001673.jpg,D02,diyas,001673,1673,diyas/batch_002/frame_001673s.jpg,frame_001673s.jpg,diyas,batch_002
704,D02_20260420073459_001674.jpg,D02_20260420073459_001674.jpg,D02,diyas,001674,1674,diyas/batch_002/frame_001674s.jpg,frame_001674s.jpg,diyas,batch_002
705,D02_20260420073459_001675.jpg,D02_20260420073459_001675.jpg,D02,diyas,001675,1675,diyas/batch_002/frame_001675s.jpg,frame_001675s.jpg,diyas,batch_002
706,D02_20260420073459_001676.jpg,D02_20260420073459_001676.jpg,D02,diyas,001676,1676,diyas/batch_002/frame_001676s.jpg,frame_001676s.jpg,diyas,batch_002
707,D02_20260420073459_001677.jpg,D02_20260420073459_001677.jpg,D02,diyas,001677,1677,diyas/batch_002/frame_001677s.jpg,frame_001677s.jpg,diyas,batch_002
708,D02_20260420073459_001678.jpg,D02_20260420073459_001678.jpg,D02,diyas,001678,1678,diyas/batch_002/frame_001678s.jpg,frame_001678s.jpg,diyas,batch_002
709,D02_20260420073459_001679.jpg,D02_20260420073459_001679.jpg,D02,diyas,001679,1679,diyas/batch_002/frame_001679s.jpg,frame_001679s.jpg,diyas,batch_002
721,D02_20260420073459_001691.jpg,D02_20260420073459_001691.jpg,D02,diyas,001691,1691,diyas/batch_002/frame_001691s.jpg,frame_001691s.jpg,diyas,batch_002
722,D02_20260420073459_001692.jpg,D02_20260420073459_001692.jpg,D02,diyas,001692,1692,diyas/batch_002/frame_001692s.jpg,frame_001692s.jpg,diyas,batch_002
723,D02_20260420073459_001693.jpg,D02_20260420073459_001693.jpg,D02,diyas,001693,1693,diyas/batch_002/frame_001693s.jpg,frame_001693s.jpg,diyas,batch_002
726,D02_20260420073459_001696.jpg,D02_20260420073459_001696.jpg,D02,diyas,001696,1696,diyas/batch_002/frame_001696s.jpg,frame_001696s.jpg,diyas,batch_002
735,D02_20260420073459_001705.jpg,D02_20260420073459_001705.jpg,D02,diyas,001705,1705,diyas/batch_002/frame_001705s.jpg,frame_001705s.jpg,diyas,batch_002
736,D02_20260420073459_001706.jpg,D02_20260420073459_001706.jpg,D02,diyas,001706,1706,diyas/batch_002/frame_001706s.jpg,frame_001706s.jpg,diyas,batch_002
741,D02_20260420073459_001711.jpg,D02_20260420073459_001711.jpg,D02,diyas,001711,1711,diyas/batch_002/frame_001711s.jpg,frame_001711s.jpg,diyas,batch_002
743,D02_20260420073459_001713.jpg,D02_20260420073459_001713.jpg,D02,diyas,001713,1713,diyas/batch_002/frame_001713s.jpg,frame_001713s.jpg,diyas,batch_002
744,D02_20260420073459_001714.jpg,D02_20260420073459_001714.jpg,D02,diyas,001714,1714,diyas/batch_002/frame_001714s.jpg,frame_001714s.jpg,diyas,batch_002
745,D02_20260420073459_001715.jpg,D02_20260420073459_001715.jpg,D02,diyas,001715,1715,diyas/batch_002/frame_001715s.jpg,frame_001715s.jpg,diyas,batch_002
746,D02_20260420073459_001716.jpg,D02_20260420073459_001716.jpg,D02,diyas,001716,1716,diyas/batch_002/frame_001716s.jpg,frame_001716s.jpg,diyas,batch_002
747,D02_20260420073459_001717.jpg,D02_20260420073459_001717.jpg,D02,diyas,001717,1717,diyas/batch_002/frame_001717s.jpg,frame_001717s.jpg,diyas,batch_002
748,D02_20260420073459_001718.jpg,D02_20260420073459_001718.jpg,D02,diyas,001718,1718,diyas/batch_002/frame_001718s.jpg,frame_001718s.jpg,diyas,batch_002
749,D02_20260420073459_001719.jpg,D02_20260420073459_001719.jpg,D02,diyas,001719,1719,diyas/batch_002/frame_001719s.jpg,frame_001719s.jpg,diyas,batch_002
750,D02_20260420073459_001720.jpg,D02_20260420073459_001720.jpg,D02,diyas,001720,1720,diyas/batch_002/frame_001720s.jpg,frame_001720s.jpg,diyas,batch_002
751,D02_20260420073459_001721.jpg,D02_20260420073459_001721.jpg,D02,diyas,001721,1721,diyas/batch_002/frame_001721s.jpg,frame_001721s.jpg,diyas,batch_002
752,D02_20260420073459_001722.jpg,D02_20260420073459_001722.jpg,D02,diyas,001722,1722,diyas/batch_002/frame_001722s.jpg,frame_001722s.jpg,diyas,batch_002
753,D02_20260420073459_001723.jpg,D02_20260420073459_001723.jpg,D02,diyas,001723,1723,diyas/batch_002/frame_001723s.jpg,frame_001723s.jpg,diyas,batch_002
754,D02_20260420073459_001724.jpg,D02_20260420073459_001724.jpg,D02,diyas,001724,1724,diyas/batch_002/frame_001724s.jpg,frame_001724s.jpg,diyas,batch_002
755,D02_20260420073459_001725.jpg,D02_20260420073459_001725.jpg,D02,diyas,001725,1725,diyas/batch_002/frame_001725s.jpg,frame_001725s.jpg,diyas,batch_002
756,D02_20260420073459_001726.jpg,D02_20260420073459_001726.jpg,D02,diyas,001726,1726,diyas/batch_002/frame_001726s.jpg,frame_001726s.jpg,diyas,batch_002
757,D02_20260420073459_001727.jpg,D02_20260420073459_001727.jpg,D02,diyas,001727,1727,diyas/batch_002/frame_001727s.jpg,frame_001727s.jpg,diyas,batch_002
764,D02_20260420073459_001734.jpg,D02_20260420073459_001734.jpg,D02,diyas,001734,1734,diyas/batch_002/frame_001734s.jpg,frame_001734s.jpg,diyas,batch_002
765,D02_20260420073459_001735.jpg,D02_20260420073459_001735.jpg,D02,diyas,001735,1735,diyas/batch_002/frame_001735s.jpg,frame_001735s.jpg,diyas,batch_002
766,D02_20260420073459_001736.jpg,D02_20260420073459_001736.jpg,D02,diyas,001736,1736,diyas/batch_002/frame_001736s.jpg,frame_001736s.jpg,diyas,batch_002
767,D02_20260420073459_001737.jpg,D02_20260420073459_001737.jpg,D02,diyas,001737,1737,diyas/batch_002/frame_001737s.jpg,frame_001737s.jpg,diyas,batch_002
768,D02_20260420073459_001738.jpg,D02_20260420073459_001738.jpg,D02,diyas,001738,1738,diyas/batch_002/frame_001738s.jpg,frame_001738s.jpg,diyas,batch_002
769,D02_20260420073459_001739.jpg,D02_20260420073459_001739.jpg,D02,diyas,001739,1739,diyas/batch_002/frame_001739s.jpg,frame_001739s.jpg,diyas,batch_002
770,D02_20260420073459_001740.jpg,D02_20260420073459_001740.jpg,D02,diyas,001740,1740,diyas/batch_002/frame_001740s.jpg,frame_001740s.jpg,diyas,batch_002
