image_id,xml_name,basename,prefix,stem,extension,last_numeric_group,normalized_numeric_suffix
0,D02_20260420073459_000970.jpg,D02_20260420073459_000970.jpg,D02,D02_20260420073459_000970,.jpg,000970,970
1,D02_20260420073459_000971.jpg,D02_20260420073459_000971.jpg,D02,D02_20260420073459_000971,.jpg,000971,971
2,D02_20260420073459_000972.jpg,D02_20260420073459_000972.jpg,D02,D02_20260420073459_000972,.jpg,000972,972
3,D02_20260420073459_000973.jpg,D02_20260420073459_000973.jpg,D02,D02_20260420073459_000973,.jpg,000973,973
4,D02_20260420073459_000974.jpg,D02_20260420073459_000974.jpg,D02,D02_20260420073459_000974,.jpg,000974,974
5,D02_20260420073459_000975.jpg,D02_20260420073459_000975.jpg,D02,D02_20260420073459_000975,.jpg,000975,975
6,D02_20260420073459_000976.jpg,D02_20260420073459_000976.jpg,D02,D02_20260420073459_000976,.jpg,000976,976
7,D02_20260420073459_000977.jpg,D02_20260420073459_000977.jpg,D02,D02_20260420073459_000977,.jpg,000977,977
8,D02_20260420073459_000978.jpg,D02_20260420073459_000978.jpg,D02,D02_20260420073459_000978,.jpg,000978,978
9,D02_20260420073459_000979.jpg,D02_20260420073459_000979.jpg,D02,D02_20260420073459_000979,.jpg,000979,979
10,D02_20260420073459_000980.jpg,D02_20260420073459_000980.jpg,D02,D02_20260420073459_000980,.jpg,000980,980
11,D02_20260420073459_000981.jpg,D02_20260420073459_000981.jpg,D02,D02_20260420073459_000981,.jpg,000981,981
12,D02_20260420073459_000982.jpg,D02_20260420073459_000982.jpg,D02,D02_20260420073459_000982,.jpg,000982,982
13,D02_20260420073459_000983.jpg,D02_20260420073459_000983.jpg,D02,D02_20260420073459_000983,.jpg,000983,983
14,D02_20260420073459_000984.jpg,D02_20260420073459_000984.jpg,D02,D02_20260420073459_000984,.jpg,000984,984
15,D02_20260420073459_000985.jpg,D02_20260420073459_000985.jpg,D02,D02_20260420073459_000985,.jpg,000985,985
16,D02_20260420073459_000986.jpg,D02_20260420073459_000986.jpg,D02,D02_20260420073459_000986,.jpg,000986,986
17,D02_20260420073459_000987.jpg,D02_20260420073459_000987.jpg,D02,D02_20260420073459_000987,.jpg,000987,987
18,D02_20260420073459_000988.jpg,D02_20260420073459_000988.jpg,D02,D02_20260420073459_000988,.jpg,000988,988
19,D02_20260420073459_000989.jpg,D02_20260420073459_000989.jpg,D02,D02_20260420073459_000989,.jpg,000989,989
20,D02_20260420073459_000990.jpg,D02_20260420073459_000990.jpg,D02,D02_20260420073459_000990,.jpg,000990,990
21,D02_20260420073459_000991.jpg,D02_20260420073459_000991.jpg,D02,D02_20260420073459_000991,.jpg,000991,991
22,D02_20260420073459_000992.jpg,D02_20260420073459_000992.jpg,D02,D02_20260420073459_000992,.jpg,000992,992
23,D02_20260420073459_000993.jpg,D02_20260420073459_000993.jpg,D02,D02_20260420073459_000993,.jpg,000993,993
24,D02_20260420073459_000994.jpg,D02_20260420073459_000994.jpg,D02,D02_20260420073459_000994,.jpg,000994,994
25,D02_20260420073459_000995.jpg,D02_20260420073459_000995.jpg,D02,D02_20260420073459_000995,.jpg,000995,995
26,D02_20260420073459_000996.jpg,D02_20260420073459_000996.jpg,D02,D02_20260420073459_000996,.jpg,000996,996
27,D02_20260420073459_000997.jpg,D02_20260420073459_000997.jpg,D02,D02_20260420073459_000997,.jpg,000997,997
28,D02_20260420073459_000998.jpg,D02_20260420073459_000998.jpg,D02,D02_20260420073459_000998,.jpg,000998,998
29,D02_20260420073459_000999.jpg,D02_20260420073459_000999.jpg,D02,D02_20260420073459_000999,.jpg,000999,999
30,D02_20260420073459_001000.jpg,D02_20260420073459_001000.jpg,D02,D02_20260420073459_001000,.jpg,001000,1000
31,D02_20260420073459_001001.jpg,D02_20260420073459_001001.jpg,D02,D02_20260420073459_001001,.jpg,001001,1001
32,D02_20260420073459_001002.jpg,D02_20260420073459_001002.jpg,D02,D02_20260420073459_001002,.jpg,001002,1002
33,D02_20260420073459_001003.jpg,D02_20260420073459_001003.jpg,D02,D02_20260420073459_001003,.jpg,001003,1003
34,D02_20260420073459_001004.jpg,D02_20260420073459_001004.jpg,D02,D02_20260420073459_001004,.jpg,001004,1004
35,D02_20260420073459_001005.jpg,D02_20260420073459_001005.jpg,D02,D02_20260420073459_001005,.jpg,001005,1005
36,D02_20260420073459_001006.jpg,D02_20260420073459_001006.jpg,D02,D02_20260420073459_001006,.jpg,001006,1006
42,D02_20260420073459_001012.jpg,D02_20260420073459_001012.jpg,D02,D02_20260420073459_001012,.jpg,001012,1012
43,D02_20260420073459_001013.jpg,D02_20260420073459_001013.jpg,D02,D02_20260420073459_001013,.jpg,001013,1013
44,D02_20260420073459_001014.jpg,D02_20260420073459_001014.jpg,D02,D02_20260420073459_001014,.jpg,001014,1014
45,D02_20260420073459_001015.jpg,D02_20260420073459_001015.jpg,D02,D02_20260420073459_001015,.jpg,001015,1015
46,D02_20260420073459_001016.jpg,D02_20260420073459_001016.jpg,D02,D02_20260420073459_001016,.jpg,001016,1016
47,D02_20260420073459_001017.jpg,D02_20260420073459_001017.jpg,D02,D02_20260420073459_001017,.jpg,001017,1017
48,D02_20260420073459_001018.jpg,D02_20260420073459_001018.jpg,D02,D02_20260420073459_001018,.jpg,001018,1018
49,D02_20260420073459_001019.jpg,D02_20260420073459_001019.jpg,D02,D02_20260420073459_001019,.jpg,001019,1019
50,D02_20260420073459_001020.jpg,D02_20260420073459_001020.jpg,D02,D02_20260420073459_001020,.jpg,001020,1020
51,D02_20260420073459_001021.jpg,D02_20260420073459_001021.jpg,D02,D02_20260420073459_001021,.jpg,001021,1021
52,D02_20260420073459_001022.jpg,D02_20260420073459_001022.jpg,D02,D02_20260420073459_001022,.jpg,001022,1022
53,D02_20260420073459_001023.jpg,D02_20260420073459_001023.jpg,D02,D02_20260420073459_001023,.jpg,001023,1023
54,D02_20260420073459_001024.jpg,D02_20260420073459_001024.jpg,D02,D02_20260420073459_001024,.jpg,001024,1024
55,D02_20260420073459_001025.jpg,D02_20260420073459_001025.jpg,D02,D02_20260420073459_001025,.jpg,001025,1025
56,D02_20260420073459_001026.jpg,D02_20260420073459_001026.jpg,D02,D02_20260420073459_001026,.jpg,001026,1026
57,D02_20260420073459_001027.jpg,D02_20260420073459_001027.jpg,D02,D02_20260420073459_001027,.jpg,001027,1027
58,D02_20260420073459_001028.jpg,D02_20260420073459_001028.jpg,D02,D02_20260420073459_001028,.jpg,001028,1028
59,D02_20260420073459_001029.jpg,D02_20260420073459_001029.jpg,D02,D02_20260420073459_001029,.jpg,001029,1029
60,D02_20260420073459_001030.jpg,D02_20260420073459_001030.jpg,D02,D02_20260420073459_001030,.jpg,001030,1030
61,D02_20260420073459_001031.jpg,D02_20260420073459_001031.jpg,D02,D02_20260420073459_001031,.jpg,001031,1031
62,D02_20260420073459_001032.jpg,D02_20260420073459_001032.jpg,D02,D02_20260420073459_001032,.jpg,001032,1032
63,D02_20260420073459_001033.jpg,D02_20260420073459_001033.jpg,D02,D02_20260420073459_001033,.jpg,001033,1033
64,D02_20260420073459_001034.jpg,D02_20260420073459_001034.jpg,D02,D02_20260420073459_001034,.jpg,001034,1034
65,D02_20260420073459_001035.jpg,D02_20260420073459_001035.jpg,D02,D02_20260420073459_001035,.jpg,001035,1035
66,D02_20260420073459_001036.jpg,D02_20260420073459_001036.jpg,D02,D02_20260420073459_001036,.jpg,001036,1036
67,D02_20260420073459_001037.jpg,D02_20260420073459_001037.jpg,D02,D02_20260420073459_001037,.jpg,001037,1037
68,D02_20260420073459_001038.jpg,D02_20260420073459_001038.jpg,D02,D02_20260420073459_001038,.jpg,001038,1038
69,D02_20260420073459_001039.jpg,D02_20260420073459_001039.jpg,D02,D02_20260420073459_001039,.jpg,001039,1039
70,D02_20260420073459_001040.jpg,D02_20260420073459_001040.jpg,D02,D02_20260420073459_001040,.jpg,001040,1040
71,D02_20260420073459_001041.jpg,D02_20260420073459_001041.jpg,D02,D02_20260420073459_001041,.jpg,001041,1041
72,D02_20260420073459_001042.jpg,D02_20260420073459_001042.jpg,D02,D02_20260420073459_001042,.jpg,001042,1042
73,D02_20260420073459_001043.jpg,D02_20260420073459_001043.jpg,D02,D02_20260420073459_001043,.jpg,001043,1043
74,D02_20260420073459_001044.jpg,D02_20260420073459_001044.jpg,D02,D02_20260420073459_001044,.jpg,001044,1044
75,D02_20260420073459_001045.jpg,D02_20260420073459_001045.jpg,D02,D02_20260420073459_001045,.jpg,001045,1045
76,D02_20260420073459_001046.jpg,D02_20260420073459_001046.jpg,D02,D02_20260420073459_001046,.jpg,001046,1046
77,D02_20260420073459_001047.jpg,D02_20260420073459_001047.jpg,D02,D02_20260420073459_001047,.jpg,001047,1047
78,D02_20260420073459_001048.jpg,D02_20260420073459_001048.jpg,D02,D02_20260420073459_001048,.jpg,001048,1048
79,D02_20260420073459_001049.jpg,D02_20260420073459_001049.jpg,D02,D02_20260420073459_001049,.jpg,001049,1049
80,D02_20260420073459_001050.jpg,D02_20260420073459_001050.jpg,D02,D02_20260420073459_001050,.jpg,001050,1050
81,D02_20260420073459_001051.jpg,D02_20260420073459_001051.jpg,D02,D02_20260420073459_001051,.jpg,001051,1051
82,D02_20260420073459_001052.jpg,D02_20260420073459_001052.jpg,D02,D02_20260420073459_001052,.jpg,001052,1052
83,D02_20260420073459_001053.jpg,D02_20260420073459_001053.jpg,D02,D02_20260420073459_001053,.jpg,001053,1053
84,D02_20260420073459_001054.jpg,D02_20260420073459_001054.jpg,D02,D02_20260420073459_001054,.jpg,001054,1054
85,D02_20260420073459_001055.jpg,D02_20260420073459_001055.jpg,D02,D02_20260420073459_001055,.jpg,001055,1055
86,D02_20260420073459_001056.jpg,D02_20260420073459_001056.jpg,D02,D02_20260420073459_001056,.jpg,001056,1056
87,D02_20260420073459_001057.jpg,D02_20260420073459_001057.jpg,D02,D02_20260420073459_001057,.jpg,001057,1057
88,D02_20260420073459_001058.jpg,D02_20260420073459_001058.jpg,D02,D02_20260420073459_001058,.jpg,001058,1058
89,D02_20260420073459_001059.jpg,D02_20260420073459_001059.jpg,D02,D02_20260420073459_001059,.jpg,001059,1059
90,D02_20260420073459_001060.jpg,D02_20260420073459_001060.jpg,D02,D02_20260420073459_001060,.jpg,001060,1060
91,D02_20260420073459_001061.jpg,D02_20260420073459_001061.jpg,D02,D02_20260420073459_001061,.jpg,001061,1061
92,D02_20260420073459_001062.jpg,D02_20260420073459_001062.jpg,D02,D02_20260420073459_001062,.jpg,001062,1062
93,D02_20260420073459_001063.jpg,D02_20260420073459_001063.jpg,D02,D02_20260420073459_001063,.jpg,001063,1063
94,D02_20260420073459_001064.jpg,D02_20260420073459_001064.jpg,D02,D02_20260420073459_001064,.jpg,001064,1064
95,D02_20260420073459_001065.jpg,D02_20260420073459_001065.jpg,D02,D02_20260420073459_001065,.jpg,001065,1065
96,D02_20260420073459_001066.jpg,D02_20260420073459_001066.jpg,D02,D02_20260420073459_001066,.jpg,001066,1066
97,D02_20260420073459_001067.jpg,D02_20260420073459_001067.jpg,D02,D02_20260420073459_001067,.jpg,001067,1067
98,D02_20260420073459_001068.jpg,D02_20260420073459_001068.jpg,D02,D02_20260420073459_001068,.jpg,001068,1068
99,D02_20260420073459_001069.jpg,D02_20260420073459_001069.jpg,D02,D02_20260420073459_001069,.jpg,001069,1069
100,D02_20260420073459_001070.jpg,D02_20260420073459_001070.jpg,D02,D02_20260420073459_001070,.jpg,001070,1070
101,D02_20260420073459_001071.jpg,D02_20260420073459_001071.jpg,D02,D02_20260420073459_001071,.jpg,001071,1071
102,D02_20260420073459_001072.jpg,D02_20260420073459_001072.jpg,D02,D02_20260420073459_001072,.jpg,001072,1072
103,D02_20260420073459_001073.jpg,D02_20260420073459_001073.jpg,D02,D02_20260420073459_001073,.jpg,001073,1073
104,D02_20260420073459_001074.jpg,D02_20260420073459_001074.jpg,D02,D02_20260420073459_001074,.jpg,001074,1074
105,D02_20260420073459_001075.jpg,D02_20260420073459_001075.jpg,D02,D02_20260420073459_001075,.jpg,001075,1075
106,D02_20260420073459_001076.jpg,D02_20260420073459_001076.jpg,D02,D02_20260420073459_001076,.jpg,001076,1076
107,D02_20260420073459_001077.jpg,D02_20260420073459_001077.jpg,D02,D02_20260420073459_001077,.jpg,001077,1077
108,D02_20260420073459_001078.jpg,D02_20260420073459_001078.jpg,D02,D02_20260420073459_001078,.jpg,001078,1078
109,D02_20260420073459_001079.jpg,D02_20260420073459_001079.jpg,D02,D02_20260420073459_001079,.jpg,001079,1079
110,D02_20260420073459_001080.jpg,D02_20260420073459_001080.jpg,D02,D02_20260420073459_001080,.jpg,001080,1080
113,D02_20260420073459_001083.jpg,D02_20260420073459_001083.jpg,D02,D02_20260420073459_001083,.jpg,001083,1083
116,D02_20260420073459_001086.jpg,D02_20260420073459_001086.jpg,D02,D02_20260420073459_001086,.jpg,001086,1086
119,D02_20260420073459_001089.jpg,D02_20260420073459_001089.jpg,D02,D02_20260420073459_001089,.jpg,001089,1089
120,D02_20260420073459_001090.jpg,D02_20260420073459_001090.jpg,D02,D02_20260420073459_001090,.jpg,001090,1090
121,D02_20260420073459_001091.jpg,D02_20260420073459_001091.jpg,D02,D02_20260420073459_001091,.jpg,001091,1091
122,D02_20260420073459_001092.jpg,D02_20260420073459_001092.jpg,D02,D02_20260420073459_001092,.jpg,001092,1092
123,D02_20260420073459_001093.jpg,D02_20260420073459_001093.jpg,D02,D02_20260420073459_001093,.jpg,001093,1093
124,D02_20260420073459_001094.jpg,D02_20260420073459_001094.jpg,D02,D02_20260420073459_001094,.jpg,001094,1094
125,D02_20260420073459_001095.jpg,D02_20260420073459_001095.jpg,D02,D02_20260420073459_001095,.jpg,001095,1095
126,D02_20260420073459_001096.jpg,D02_20260420073459_001096.jpg,D02,D02_20260420073459_001096,.jpg,001096,1096
127,D02_20260420073459_001097.jpg,D02_20260420073459_001097.jpg,D02,D02_20260420073459_001097,.jpg,001097,1097
128,D02_20260420073459_001098.jpg,D02_20260420073459_001098.jpg,D02,D02_20260420073459_001098,.jpg,001098,1098
129,D02_20260420073459_001099.jpg,D02_20260420073459_001099.jpg,D02,D02_20260420073459_001099,.jpg,001099,1099
130,D02_20260420073459_001100.jpg,D02_20260420073459_001100.jpg,D02,D02_20260420073459_001100,.jpg,001100,1100
131,D02_20260420073459_001101.jpg,D02_20260420073459_001101.jpg,D02,D02_20260420073459_001101,.jpg,001101,1101
132,D02_20260420073459_001102.jpg,D02_20260420073459_001102.jpg,D02,D02_20260420073459_001102,.jpg,001102,1102
133,D02_20260420073459_001103.jpg,D02_20260420073459_001103.jpg,D02,D02_20260420073459_001103,.jpg,001103,1103
134,D02_20260420073459_001104.jpg,D02_20260420073459_001104.jpg,D02,D02_20260420073459_001104,.jpg,001104,1104
135,D02_20260420073459_001105.jpg,D02_20260420073459_001105.jpg,D02,D02_20260420073459_001105,.jpg,001105,1105
136,D02_20260420073459_001106.jpg,D02_20260420073459_001106.jpg,D02,D02_20260420073459_001106,.jpg,001106,1106
137,D02_20260420073459_001107.jpg,D02_20260420073459_001107.jpg,D02,D02_20260420073459_001107,.jpg,001107,1107
140,D02_20260420073459_001110.jpg,D02_20260420073459_001110.jpg,D02,D02_20260420073459_001110,.jpg,001110,1110
141,D02_20260420073459_001111.jpg,D02_20260420073459_001111.jpg,D02,D02_20260420073459_001111,.jpg,001111,1111
142,D02_20260420073459_001112.jpg,D02_20260420073459_001112.jpg,D02,D02_20260420073459_001112,.jpg,001112,1112
143,D02_20260420073459_001113.jpg,D02_20260420073459_001113.jpg,D02,D02_20260420073459_001113,.jpg,001113,1113
146,D02_20260420073459_001116.jpg,D02_20260420073459_001116.jpg,D02,D02_20260420073459_001116,.jpg,001116,1116
147,D02_20260420073459_001117.jpg,D02_20260420073459_001117.jpg,D02,D02_20260420073459_001117,.jpg,001117,1117
148,D02_20260420073459_001118.jpg,D02_20260420073459_001118.jpg,D02,D02_20260420073459_001118,.jpg,001118,1118
149,D02_20260420073459_001119.jpg,D02_20260420073459_001119.jpg,D02,D02_20260420073459_001119,.jpg,001119,1119
150,D02_20260420073459_001120.jpg,D02_20260420073459_001120.jpg,D02,D02_20260420073459_001120,.jpg,001120,1120
151,D02_20260420073459_001121.jpg,D02_20260420073459_001121.jpg,D02,D02_20260420073459_001121,.jpg,001121,1121
152,D02_20260420073459_001122.jpg,D02_20260420073459_001122.jpg,D02,D02_20260420073459_001122,.jpg,001122,1122
153,D02_20260420073459_001123.jpg,D02_20260420073459_001123.jpg,D02,D02_20260420073459_001123,.jpg,001123,1123
154,D02_20260420073459_001124.jpg,D02_20260420073459_001124.jpg,D02,D02_20260420073459_001124,.jpg,001124,1124
155,D02_20260420073459_001125.jpg,D02_20260420073459_001125.jpg,D02,D02_20260420073459_001125,.jpg,001125,1125
156,D02_20260420073459_001126.jpg,D02_20260420073459_001126.jpg,D02,D02_20260420073459_001126,.jpg,001126,1126
157,D02_20260420073459_001127.jpg,D02_20260420073459_001127.jpg,D02,D02_20260420073459_001127,.jpg,001127,1127
158,D02_20260420073459_001128.jpg,D02_20260420073459_001128.jpg,D02,D02_20260420073459_001128,.jpg,001128,1128
159,D02_20260420073459_001129.jpg,D02_20260420073459_001129.jpg,D02,D02_20260420073459_001129,.jpg,001129,1129
160,D02_20260420073459_001130.jpg,D02_20260420073459_001130.jpg,D02,D02_20260420073459_001130,.jpg,001130,1130
169,D02_20260420073459_001139.jpg,D02_20260420073459_001139.jpg,D02,D02_20260420073459_001139,.jpg,001139,1139
177,D02_20260420073459_001147.jpg,D02_20260420073459_001147.jpg,D02,D02_20260420073459_001147,.jpg,001147,1147
180,D02_20260420073459_001150.jpg,D02_20260420073459_001150.jpg,D02,D02_20260420073459_001150,.jpg,001150,1150
181,D02_20260420073459_001151.jpg,D02_20260420073459_001151.jpg,D02,D02_20260420073459_001151,.jpg,001151,1151
182,D02_20260420073459_001152.jpg,D02_20260420073459_001152.jpg,D02,D02_20260420073459_001152,.jpg,001152,1152
183,D02_20260420073459_001153.jpg,D02_20260420073459_001153.jpg,D02,D02_20260420073459_001153,.jpg,001153,1153
184,D02_20260420073459_001154.jpg,D02_20260420073459_001154.jpg,D02,D02_20260420073459_001154,.jpg,001154,1154
185,D02_20260420073459_001155.jpg,D02_20260420073459_001155.jpg,D02,D02_20260420073459_001155,.jpg,001155,1155
186,D02_20260420073459_001156.jpg,D02_20260420073459_001156.jpg,D02,D02_20260420073459_001156,.jpg,001156,1156
187,D02_20260420073459_001157.jpg,D02_20260420073459_001157.jpg,D02,D02_20260420073459_001157,.jpg,001157,1157
188,D02_20260420073459_001158.jpg,D02_20260420073459_001158.jpg,D02,D02_20260420073459_001158,.jpg,001158,1158
189,D02_20260420073459_001159.jpg,D02_20260420073459_001159.jpg,D02,D02_20260420073459_001159,.jpg,001159,1159
190,D02_20260420073459_001160.jpg,D02_20260420073459_001160.jpg,D02,D02_20260420073459_001160,.jpg,001160,1160
191,D02_20260420073459_001161.jpg,D02_20260420073459_001161.jpg,D02,D02_20260420073459_001161,.jpg,001161,1161
192,D02_20260420073459_001162.jpg,D02_20260420073459_001162.jpg,D02,D02_20260420073459_001162,.jpg,001162,1162
193,D02_20260420073459_001163.jpg,D02_20260420073459_001163.jpg,D02,D02_20260420073459_001163,.jpg,001163,1163
194,D02_20260420073459_001164.jpg,D02_20260420073459_001164.jpg,D02,D02_20260420073459_001164,.jpg,001164,1164
195,D02_20260420073459_001165.jpg,D02_20260420073459_001165.jpg,D02,D02_20260420073459_001165,.jpg,001165,1165
196,D02_20260420073459_001166.jpg,D02_20260420073459_001166.jpg,D02,D02_20260420073459_001166,.jpg,001166,1166
197,D02_20260420073459_001167.jpg,D02_20260420073459_001167.jpg,D02,D02_20260420073459_001167,.jpg,001167,1167
198,D02_20260420073459_001168.jpg,D02_20260420073459_001168.jpg,D02,D02_20260420073459_001168,.jpg,001168,1168
199,D02_20260420073459_001169.jpg,D02_20260420073459_001169.jpg,D02,D02_20260420073459_001169,.jpg,001169,1169
200,D02_20260420073459_001170.jpg,D02_20260420073459_001170.jpg,D02,D02_20260420073459_001170,.jpg,001170,1170
201,D02_20260420073459_001171.jpg,D02_20260420073459_001171.jpg,D02,D02_20260420073459_001171,.jpg,001171,1171
202,D02_20260420073459_001172.jpg,D02_20260420073459_001172.jpg,D02,D02_20260420073459_001172,.jpg,001172,1172
203,D02_20260420073459_001173.jpg,D02_20260420073459_001173.jpg,D02,D02_20260420073459_001173,.jpg,001173,1173
204,D02_20260420073459_001174.jpg,D02_20260420073459_001174.jpg,D02,D02_20260420073459_001174,.jpg,001174,1174
205,D02_20260420073459_001175.jpg,D02_20260420073459_001175.jpg,D02,D02_20260420073459_001175,.jpg,001175,1175
206,D02_20260420073459_001176.jpg,D02_20260420073459_001176.jpg,D02,D02_20260420073459_001176,.jpg,001176,1176
207,D02_20260420073459_001177.jpg,D02_20260420073459_001177.jpg,D02,D02_20260420073459_001177,.jpg,001177,1177
208,D02_20260420073459_001178.jpg,D02_20260420073459_001178.jpg,D02,D02_20260420073459_001178,.jpg,001178,1178
209,D02_20260420073459_001179.jpg,D02_20260420073459_001179.jpg,D02,D02_20260420073459_001179,.jpg,001179,1179
210,D02_20260420073459_001180.jpg,D02_20260420073459_001180.jpg,D02,D02_20260420073459_001180,.jpg,001180,1180
211,D02_20260420073459_001181.jpg,D02_20260420073459_001181.jpg,D02,D02_20260420073459_001181,.jpg,001181,1181
212,D02_20260420073459_001182.jpg,D02_20260420073459_001182.jpg,D02,D02_20260420073459_001182,.jpg,001182,1182
213,D02_20260420073459_001183.jpg,D02_20260420073459_001183.jpg,D02,D02_20260420073459_001183,.jpg,001183,1183
214,D02_20260420073459_001184.jpg,D02_20260420073459_001184.jpg,D02,D02_20260420073459_001184,.jpg,001184,1184
215,D02_20260420073459_001185.jpg,D02_20260420073459_001185.jpg,D02,D02_20260420073459_001185,.jpg,001185,1185
216,D02_20260420073459_001186.jpg,D02_20260420073459_001186.jpg,D02,D02_20260420073459_001186,.jpg,001186,1186
217,D02_20260420073459_001187.jpg,D02_20260420073459_001187.jpg,D02,D02_20260420073459_001187,.jpg,001187,1187
218,D02_20260420073459_001188.jpg,D02_20260420073459_001188.jpg,D02,D02_20260420073459_001188,.jpg,001188,1188
219,D02_20260420073459_001189.jpg,D02_20260420073459_001189.jpg,D02,D02_20260420073459_001189,.jpg,001189,1189
220,D02_20260420073459_001190.jpg,D02_20260420073459_001190.jpg,D02,D02_20260420073459_001190,.jpg,001190,1190
221,D02_20260420073459_001191.jpg,D02_20260420073459_001191.jpg,D02,D02_20260420073459_001191,.jpg,001191,1191
222,D02_20260420073459_001192.jpg,D02_20260420073459_001192.jpg,D02,D02_20260420073459_001192,.jpg,001192,1192
228,D02_20260420073459_001198.jpg,D02_20260420073459_001198.jpg,D02,D02_20260420073459_001198,.jpg,001198,1198
229,D02_20260420073459_001199.jpg,D02_20260420073459_001199.jpg,D02,D02_20260420073459_001199,.jpg,001199,1199
231,D02_20260420073459_001201.jpg,D02_20260420073459_001201.jpg,D02,D02_20260420073459_001201,.jpg,001201,1201
232,D02_20260420073459_001202.jpg,D02_20260420073459_001202.jpg,D02,D02_20260420073459_001202,.jpg,001202,1202
233,D02_20260420073459_001203.jpg,D02_20260420073459_001203.jpg,D02,D02_20260420073459_001203,.jpg,001203,1203
234,D02_20260420073459_001204.jpg,D02_20260420073459_001204.jpg,D02,D02_20260420073459_001204,.jpg,001204,1204
240,D02_20260420073459_001210.jpg,D02_20260420073459_001210.jpg,D02,D02_20260420073459_001210,.jpg,001210,1210
241,D02_20260420073459_001211.jpg,D02_20260420073459_001211.jpg,D02,D02_20260420073459_001211,.jpg,001211,1211
242,D02_20260420073459_001212.jpg,D02_20260420073459_001212.jpg,D02,D02_20260420073459_001212,.jpg,001212,1212
243,D02_20260420073459_001213.jpg,D02_20260420073459_001213.jpg,D02,D02_20260420073459_001213,.jpg,001213,1213
245,D02_20260420073459_001215.jpg,D02_20260420073459_001215.jpg,D02,D02_20260420073459_001215,.jpg,001215,1215
246,D02_20260420073459_001216.jpg,D02_20260420073459_001216.jpg,D02,D02_20260420073459_001216,.jpg,001216,1216
248,D02_20260420073459_001218.jpg,D02_20260420073459_001218.jpg,D02,D02_20260420073459_001218,.jpg,001218,1218
249,D02_20260420073459_001219.jpg,D02_20260420073459_001219.jpg,D02,D02_20260420073459_001219,.jpg,001219,1219
250,D02_20260420073459_001220.jpg,D02_20260420073459_001220.jpg,D02,D02_20260420073459_001220,.jpg,001220,1220
251,D02_20260420073459_001221.jpg,D02_20260420073459_001221.jpg,D02,D02_20260420073459_001221,.jpg,001221,1221
252,D02_20260420073459_001222.jpg,D02_20260420073459_001222.jpg,D02,D02_20260420073459_001222,.jpg,001222,1222
253,D02_20260420073459_001223.jpg,D02_20260420073459_001223.jpg,D02,D02_20260420073459_001223,.jpg,001223,1223
254,D02_20260420073459_001224.jpg,D02_20260420073459_001224.jpg,D02,D02_20260420073459_001224,.jpg,001224,1224
255,D02_20260420073459_001225.jpg,D02_20260420073459_001225.jpg,D02,D02_20260420073459_001225,.jpg,001225,1225
256,D02_20260420073459_001226.jpg,D02_20260420073459_001226.jpg,D02,D02_20260420073459_001226,.jpg,001226,1226
257,D02_20260420073459_001227.jpg,D02_20260420073459_001227.jpg,D02,D02_20260420073459_001227,.jpg,001227,1227
258,D02_20260420073459_001228.jpg,D02_20260420073459_001228.jpg,D02,D02_20260420073459_001228,.jpg,001228,1228
259,D02_20260420073459_001229.jpg,D02_20260420073459_001229.jpg,D02,D02_20260420073459_001229,.jpg,001229,1229
261,D02_20260420073459_001231.jpg,D02_20260420073459_001231.jpg,D02,D02_20260420073459_001231,.jpg,001231,1231
262,D02_20260420073459_001232.jpg,D02_20260420073459_001232.jpg,D02,D02_20260420073459_001232,.jpg,001232,1232
265,D02_20260420073459_001235.jpg,D02_20260420073459_001235.jpg,D02,D02_20260420073459_001235,.jpg,001235,1235
266,D02_20260420073459_001236.jpg,D02_20260420073459_001236.jpg,D02,D02_20260420073459_001236,.jpg,001236,1236
274,D02_20260420073459_001244.jpg,D02_20260420073459_001244.jpg,D02,D02_20260420073459_001244,.jpg,001244,1244
280,D02_20260420073459_001250.jpg,D02_20260420073459_001250.jpg,D02,D02_20260420073459_001250,.jpg,001250,1250
281,D02_20260420073459_001251.jpg,D02_20260420073459_001251.jpg,D02,D02_20260420073459_001251,.jpg,001251,1251
282,D02_20260420073459_001252.jpg,D02_20260420073459_001252.jpg,D02,D02_20260420073459_001252,.jpg,001252,1252
283,D02_20260420073459_001253.jpg,D02_20260420073459_001253.jpg,D02,D02_20260420073459_001253,.jpg,001253,1253
286,D02_20260420073459_001256.jpg,D02_20260420073459_001256.jpg,D02,D02_20260420073459_001256,.jpg,001256,1256
287,D02_20260420073459_001257.jpg,D02_20260420073459_001257.jpg,D02,D02_20260420073459_001257,.jpg,001257,1257
288,D02_20260420073459_001258.jpg,D02_20260420073459_001258.jpg,D02,D02_20260420073459_001258,.jpg,001258,1258
289,D02_20260420073459_001259.jpg,D02_20260420073459_001259.jpg,D02,D02_20260420073459_001259,.jpg,001259,1259
290,D02_20260420073459_001260.jpg,D02_20260420073459_001260.jpg,D02,D02_20260420073459_001260,.jpg,001260,1260
291,D02_20260420073459_001261.jpg,D02_20260420073459_001261.jpg,D02,D02_20260420073459_001261,.jpg,001261,1261
292,D02_20260420073459_001262.jpg,D02_20260420073459_001262.jpg,D02,D02_20260420073459_001262,.jpg,001262,1262
293,D02_20260420073459_001263.jpg,D02_20260420073459_001263.jpg,D02,D02_20260420073459_001263,.jpg,001263,1263
294,D02_20260420073459_001264.jpg,D02_20260420073459_001264.jpg,D02,D02_20260420073459_001264,.jpg,001264,1264
295,D02_20260420073459_001265.jpg,D02_20260420073459_001265.jpg,D02,D02_20260420073459_001265,.jpg,001265,1265
296,D02_20260420073459_001266.jpg,D02_20260420073459_001266.jpg,D02,D02_20260420073459_001266,.jpg,001266,1266
297,D02_20260420073459_001267.jpg,D02_20260420073459_001267.jpg,D02,D02_20260420073459_001267,.jpg,001267,1267
298,D02_20260420073459_001268.jpg,D02_20260420073459_001268.jpg,D02,D02_20260420073459_001268,.jpg,001268,1268
299,D02_20260420073459_001269.jpg,D02_20260420073459_001269.jpg,D02,D02_20260420073459_001269,.jpg,001269,1269
300,D02_20260420073459_001270.jpg,D02_20260420073459_001270.jpg,D02,D02_20260420073459_001270,.jpg,001270,1270
301,D02_20260420073459_001271.jpg,D02_20260420073459_001271.jpg,D02,D02_20260420073459_001271,.jpg,001271,1271
302,D02_20260420073459_001272.jpg,D02_20260420073459_001272.jpg,D02,D02_20260420073459_001272,.jpg,001272,1272
303,D02_20260420073459_001273.jpg,D02_20260420073459_001273.jpg,D02,D02_20260420073459_001273,.jpg,001273,1273
304,D02_20260420073459_001274.jpg,D02_20260420073459_001274.jpg,D02,D02_20260420073459_001274,.jpg,001274,1274
305,D02_20260420073459_001275.jpg,D02_20260420073459_001275.jpg,D02,D02_20260420073459_001275,.jpg,001275,1275
306,D02_20260420073459_001276.jpg,D02_20260420073459_001276.jpg,D02,D02_20260420073459_001276,.jpg,001276,1276
307,D02_20260420073459_001277.jpg,D02_20260420073459_001277.jpg,D02,D02_20260420073459_001277,.jpg,001277,1277
308,D02_20260420073459_001278.jpg,D02_20260420073459_001278.jpg,D02,D02_20260420073459_001278,.jpg,001278,1278
309,D02_20260420073459_001279.jpg,D02_20260420073459_001279.jpg,D02,D02_20260420073459_001279,.jpg,001279,1279
310,D02_20260420073459_001280.jpg,D02_20260420073459_001280.jpg,D02,D02_20260420073459_001280,.jpg,001280,1280
311,D02_20260420073459_001281.jpg,D02_20260420073459_001281.jpg,D02,D02_20260420073459_001281,.jpg,001281,1281
312,D02_20260420073459_001282.jpg,D02_20260420073459_001282.jpg,D02,D02_20260420073459_001282,.jpg,001282,1282
313,D02_20260420073459_001283.jpg,D02_20260420073459_001283.jpg,D02,D02_20260420073459_001283,.jpg,001283,1283
314,D02_20260420073459_001284.jpg,D02_20260420073459_001284.jpg,D02,D02_20260420073459_001284,.jpg,001284,1284
315,D02_20260420073459_001285.jpg,D02_20260420073459_001285.jpg,D02,D02_20260420073459_001285,.jpg,001285,1285
316,D02_20260420073459_001286.jpg,D02_20260420073459_001286.jpg,D02,D02_20260420073459_001286,.jpg,001286,1286
317,D02_20260420073459_001287.jpg,D02_20260420073459_001287.jpg,D02,D02_20260420073459_001287,.jpg,001287,1287
318,D02_20260420073459_001288.jpg,D02_20260420073459_001288.jpg,D02,D02_20260420073459_001288,.jpg,001288,1288
319,D02_20260420073459_001289.jpg,D02_20260420073459_001289.jpg,D02,D02_20260420073459_001289,.jpg,001289,1289
320,D02_20260420073459_001290.jpg,D02_20260420073459_001290.jpg,D02,D02_20260420073459_001290,.jpg,001290,1290
321,D02_20260420073459_001291.jpg,D02_20260420073459_001291.jpg,D02,D02_20260420073459_001291,.jpg,001291,1291
322,D02_20260420073459_001292.jpg,D02_20260420073459_001292.jpg,D02,D02_20260420073459_001292,.jpg,001292,1292
323,D02_20260420073459_001293.jpg,D02_20260420073459_001293.jpg,D02,D02_20260420073459_001293,.jpg,001293,1293
324,D02_20260420073459_001294.jpg,D02_20260420073459_001294.jpg,D02,D02_20260420073459_001294,.jpg,001294,1294
325,D02_20260420073459_001295.jpg,D02_20260420073459_001295.jpg,D02,D02_20260420073459_001295,.jpg,001295,1295
326,D02_20260420073459_001296.jpg,D02_20260420073459_001296.jpg,D02,D02_20260420073459_001296,.jpg,001296,1296
327,D02_20260420073459_001297.jpg,D02_20260420073459_001297.jpg,D02,D02_20260420073459_001297,.jpg,001297,1297
333,D02_20260420073459_001303.jpg,D02_20260420073459_001303.jpg,D02,D02_20260420073459_001303,.jpg,001303,1303
334,D02_20260420073459_001304.jpg,D02_20260420073459_001304.jpg,D02,D02_20260420073459_001304,.jpg,001304,1304
335,D02_20260420073459_001305.jpg,D02_20260420073459_001305.jpg,D02,D02_20260420073459_001305,.jpg,001305,1305
352,D02_20260420073459_001322.jpg,D02_20260420073459_001322.jpg,D02,D02_20260420073459_001322,.jpg,001322,1322
353,D02_20260420073459_001323.jpg,D02_20260420073459_001323.jpg,D02,D02_20260420073459_001323,.jpg,001323,1323
355,D02_20260420073459_001325.jpg,D02_20260420073459_001325.jpg,D02,D02_20260420073459_001325,.jpg,001325,1325
356,D02_20260420073459_001326.jpg,D02_20260420073459_001326.jpg,D02,D02_20260420073459_001326,.jpg,001326,1326
357,D02_20260420073459_001327.jpg,D02_20260420073459_001327.jpg,D02,D02_20260420073459_001327,.jpg,001327,1327
358,D02_20260420073459_001328.jpg,D02_20260420073459_001328.jpg,D02,D02_20260420073459_001328,.jpg,001328,1328
359,D02_20260420073459_001329.jpg,D02_20260420073459_001329.jpg,D02,D02_20260420073459_001329,.jpg,001329,1329
360,D02_20260420073459_001330.jpg,D02_20260420073459_001330.jpg,D02,D02_20260420073459_001330,.jpg,001330,1330
361,D02_20260420073459_001331.jpg,D02_20260420073459_001331.jpg,D02,D02_20260420073459_001331,.jpg,001331,1331
362,D02_20260420073459_001332.jpg,D02_20260420073459_001332.jpg,D02,D02_20260420073459_001332,.jpg,001332,1332
365,D02_20260420073459_001335.jpg,D02_20260420073459_001335.jpg,D02,D02_20260420073459_001335,.jpg,001335,1335
366,D02_20260420073459_001336.jpg,D02_20260420073459_001336.jpg,D02,D02_20260420073459_001336,.jpg,001336,1336
377,D02_20260420073459_001347.jpg,D02_20260420073459_001347.jpg,D02,D02_20260420073459_001347,.jpg,001347,1347
378,D02_20260420073459_001348.jpg,D02_20260420073459_001348.jpg,D02,D02_20260420073459_001348,.jpg,001348,1348
379,D02_20260420073459_001349.jpg,D02_20260420073459_001349.jpg,D02,D02_20260420073459_001349,.jpg,001349,1349
386,D02_20260420073459_001356.jpg,D02_20260420073459_001356.jpg,D02,D02_20260420073459_001356,.jpg,001356,1356
389,D02_20260420073459_001359.jpg,D02_20260420073459_001359.jpg,D02,D02_20260420073459_001359,.jpg,001359,1359
390,D02_20260420073459_001360.jpg,D02_20260420073459_001360.jpg,D02,D02_20260420073459_001360,.jpg,001360,1360
393,D02_20260420073459_001363.jpg,D02_20260420073459_001363.jpg,D02,D02_20260420073459_001363,.jpg,001363,1363
394,D02_20260420073459_001364.jpg,D02_20260420073459_001364.jpg,D02,D02_20260420073459_001364,.jpg,001364,1364
395,D02_20260420073459_001365.jpg,D02_20260420073459_001365.jpg,D02,D02_20260420073459_001365,.jpg,001365,1365
396,D02_20260420073459_001366.jpg,D02_20260420073459_001366.jpg,D02,D02_20260420073459_001366,.jpg,001366,1366
397,D02_20260420073459_001367.jpg,D02_20260420073459_001367.jpg,D02,D02_20260420073459_001367,.jpg,001367,1367
399,D02_20260420073459_001369.jpg,D02_20260420073459_001369.jpg,D02,D02_20260420073459_001369,.jpg,001369,1369
400,D02_20260420073459_001370.jpg,D02_20260420073459_001370.jpg,D02,D02_20260420073459_001370,.jpg,001370,1370
401,D02_20260420073459_001371.jpg,D02_20260420073459_001371.jpg,D02,D02_20260420073459_001371,.jpg,001371,1371
402,D02_20260420073459_001372.jpg,D02_20260420073459_001372.jpg,D02,D02_20260420073459_001372,.jpg,001372,1372
403,D02_20260420073459_001373.jpg,D02_20260420073459_001373.jpg,D02,D02_20260420073459_001373,.jpg,001373,1373
404,D02_20260420073459_001374.jpg,D02_20260420073459_001374.jpg,D02,D02_20260420073459_001374,.jpg,001374,1374
405,D02_20260420073459_001375.jpg,D02_20260420073459_001375.jpg,D02,D02_20260420073459_001375,.jpg,001375,1375
406,D02_20260420073459_001376.jpg,D02_20260420073459_001376.jpg,D02,D02_20260420073459_001376,.jpg,001376,1376
407,D02_20260420073459_001377.jpg,D02_20260420073459_001377.jpg,D02,D02_20260420073459_001377,.jpg,001377,1377
408,D02_20260420073459_001378.jpg,D02_20260420073459_001378.jpg,D02,D02_20260420073459_001378,.jpg,001378,1378
409,D02_20260420073459_001379.jpg,D02_20260420073459_001379.jpg,D02,D02_20260420073459_001379,.jpg,001379,1379
410,D02_20260420073459_001380.jpg,D02_20260420073459_001380.jpg,D02,D02_20260420073459_001380,.jpg,001380,1380
411,D02_20260420073459_001381.jpg,D02_20260420073459_001381.jpg,D02,D02_20260420073459_001381,.jpg,001381,1381
412,D02_20260420073459_001382.jpg,D02_20260420073459_001382.jpg,D02,D02_20260420073459_001382,.jpg,001382,1382
413,D02_20260420073459_001383.jpg,D02_20260420073459_001383.jpg,D02,D02_20260420073459_001383,.jpg,001383,1383
414,D02_20260420073459_001384.jpg,D02_20260420073459_001384.jpg,D02,D02_20260420073459_001384,.jpg,001384,1384
415,D02_20260420073459_001385.jpg,D02_20260420073459_001385.jpg,D02,D02_20260420073459_001385,.jpg,001385,1385
416,D02_20260420073459_001386.jpg,D02_20260420073459_001386.jpg,D02,D02_20260420073459_001386,.jpg,001386,1386
417,D02_20260420073459_001387.jpg,D02_20260420073459_001387.jpg,D02,D02_20260420073459_001387,.jpg,001387,1387
418,D02_20260420073459_001388.jpg,D02_20260420073459_001388.jpg,D02,D02_20260420073459_001388,.jpg,001388,1388
419,D02_20260420073459_001389.jpg,D02_20260420073459_001389.jpg,D02,D02_20260420073459_001389,.jpg,001389,1389
420,D02_20260420073459_001390.jpg,D02_20260420073459_001390.jpg,D02,D02_20260420073459_001390,.jpg,001390,1390
421,D02_20260420073459_001391.jpg,D02_20260420073459_001391.jpg,D02,D02_20260420073459_001391,.jpg,001391,1391
422,D02_20260420073459_001392.jpg,D02_20260420073459_001392.jpg,D02,D02_20260420073459_001392,.jpg,001392,1392
423,D02_20260420073459_001393.jpg,D02_20260420073459_001393.jpg,D02,D02_20260420073459_001393,.jpg,001393,1393
424,D02_20260420073459_001394.jpg,D02_20260420073459_001394.jpg,D02,D02_20260420073459_001394,.jpg,001394,1394
425,D02_20260420073459_001395.jpg,D02_20260420073459_001395.jpg,D02,D02_20260420073459_001395,.jpg,001395,1395
426,D02_20260420073459_001396.jpg,D02_20260420073459_001396.jpg,D02,D02_20260420073459_001396,.jpg,001396,1396
427,D02_20260420073459_001397.jpg,D02_20260420073459_001397.jpg,D02,D02_20260420073459_001397,.jpg,001397,1397
428,D02_20260420073459_001398.jpg,D02_20260420073459_001398.jpg,D02,D02_20260420073459_001398,.jpg,001398,1398
429,D02_20260420073459_001399.jpg,D02_20260420073459_001399.jpg,D02,D02_20260420073459_001399,.jpg,001399,1399
430,D02_20260420073459_001400.jpg,D02_20260420073459_001400.jpg,D02,D02_20260420073459_001400,.jpg,001400,1400
431,D02_20260420073459_001401.jpg,D02_20260420073459_001401.jpg,D02,D02_20260420073459_001401,.jpg,001401,1401
432,D02_20260420073459_001402.jpg,D02_20260420073459_001402.jpg,D02,D02_20260420073459_001402,.jpg,001402,1402
433,D02_20260420073459_001403.jpg,D02_20260420073459_001403.jpg,D02,D02_20260420073459_001403,.jpg,001403,1403
434,D02_20260420073459_001404.jpg,D02_20260420073459_001404.jpg,D02,D02_20260420073459_001404,.jpg,001404,1404
435,D02_20260420073459_001405.jpg,D02_20260420073459_001405.jpg,D02,D02_20260420073459_001405,.jpg,001405,1405
436,D02_20260420073459_001406.jpg,D02_20260420073459_001406.jpg,D02,D02_20260420073459_001406,.jpg,001406,1406
438,D02_20260420073459_001408.jpg,D02_20260420073459_001408.jpg,D02,D02_20260420073459_001408,.jpg,001408,1408
439,D02_20260420073459_001409.jpg,D02_20260420073459_001409.jpg,D02,D02_20260420073459_001409,.jpg,001409,1409
442,D02_20260420073459_001412.jpg,D02_20260420073459_001412.jpg,D02,D02_20260420073459_001412,.jpg,001412,1412
445,D02_20260420073459_001415.jpg,D02_20260420073459_001415.jpg,D02,D02_20260420073459_001415,.jpg,001415,1415
446,D02_20260420073459_001416.jpg,D02_20260420073459_001416.jpg,D02,D02_20260420073459_001416,.jpg,001416,1416
447,D02_20260420073459_001417.jpg,D02_20260420073459_001417.jpg,D02,D02_20260420073459_001417,.jpg,001417,1417
448,D02_20260420073459_001418.jpg,D02_20260420073459_001418.jpg,D02,D02_20260420073459_001418,.jpg,001418,1418
450,D02_20260420073459_001420.jpg,D02_20260420073459_001420.jpg,D02,D02_20260420073459_001420,.jpg,001420,1420
451,D02_20260420073459_001421.jpg,D02_20260420073459_001421.jpg,D02,D02_20260420073459_001421,.jpg,001421,1421
452,D02_20260420073459_001422.jpg,D02_20260420073459_001422.jpg,D02,D02_20260420073459_001422,.jpg,001422,1422
453,D02_20260420073459_001423.jpg,D02_20260420073459_001423.jpg,D02,D02_20260420073459_001423,.jpg,001423,1423
454,D02_20260420073459_001424.jpg,D02_20260420073459_001424.jpg,D02,D02_20260420073459_001424,.jpg,001424,1424
455,D02_20260420073459_001425.jpg,D02_20260420073459_001425.jpg,D02,D02_20260420073459_001425,.jpg,001425,1425
456,D02_20260420073459_001426.jpg,D02_20260420073459_001426.jpg,D02,D02_20260420073459_001426,.jpg,001426,1426
457,D02_20260420073459_001427.jpg,D02_20260420073459_001427.jpg,D02,D02_20260420073459_001427,.jpg,001427,1427
458,D02_20260420073459_001428.jpg,D02_20260420073459_001428.jpg,D02,D02_20260420073459_001428,.jpg,001428,1428
459,D02_20260420073459_001429.jpg,D02_20260420073459_001429.jpg,D02,D02_20260420073459_001429,.jpg,001429,1429
460,D02_20260420073459_001430.jpg,D02_20260420073459_001430.jpg,D02,D02_20260420073459_001430,.jpg,001430,1430
461,D02_20260420073459_001431.jpg,D02_20260420073459_001431.jpg,D02,D02_20260420073459_001431,.jpg,001431,1431
462,D02_20260420073459_001432.jpg,D02_20260420073459_001432.jpg,D02,D02_20260420073459_001432,.jpg,001432,1432
463,D02_20260420073459_001433.jpg,D02_20260420073459_001433.jpg,D02,D02_20260420073459_001433,.jpg,001433,1433
464,D02_20260420073459_001434.jpg,D02_20260420073459_001434.jpg,D02,D02_20260420073459_001434,.jpg,001434,1434
465,D02_20260420073459_001435.jpg,D02_20260420073459_001435.jpg,D02,D02_20260420073459_001435,.jpg,001435,1435
466,D02_20260420073459_001436.jpg,D02_20260420073459_001436.jpg,D02,D02_20260420073459_001436,.jpg,001436,1436
467,D02_20260420073459_001437.jpg,D02_20260420073459_001437.jpg,D02,D02_20260420073459_001437,.jpg,001437,1437
468,D02_20260420073459_001438.jpg,D02_20260420073459_001438.jpg,D02,D02_20260420073459_001438,.jpg,001438,1438
469,D02_20260420073459_001439.jpg,D02_20260420073459_001439.jpg,D02,D02_20260420073459_001439,.jpg,001439,1439
470,D02_20260420073459_001440.jpg,D02_20260420073459_001440.jpg,D02,D02_20260420073459_001440,.jpg,001440,1440
471,D02_20260420073459_001441.jpg,D02_20260420073459_001441.jpg,D02,D02_20260420073459_001441,.jpg,001441,1441
472,D02_20260420073459_001442.jpg,D02_20260420073459_001442.jpg,D02,D02_20260420073459_001442,.jpg,001442,1442
473,D02_20260420073459_001443.jpg,D02_20260420073459_001443.jpg,D02,D02_20260420073459_001443,.jpg,001443,1443
474,D02_20260420073459_001444.jpg,D02_20260420073459_001444.jpg,D02,D02_20260420073459_001444,.jpg,001444,1444
475,D02_20260420073459_001445.jpg,D02_20260420073459_001445.jpg,D02,D02_20260420073459_001445,.jpg,001445,1445
476,D02_20260420073459_001446.jpg,D02_20260420073459_001446.jpg,D02,D02_20260420073459_001446,.jpg,001446,1446
477,D02_20260420073459_001447.jpg,D02_20260420073459_001447.jpg,D02,D02_20260420073459_001447,.jpg,001447,1447
478,D02_20260420073459_001448.jpg,D02_20260420073459_001448.jpg,D02,D02_20260420073459_001448,.jpg,001448,1448
479,D02_20260420073459_001449.jpg,D02_20260420073459_001449.jpg,D02,D02_20260420073459_001449,.jpg,001449,1449
480,D02_20260420073459_001450.jpg,D02_20260420073459_001450.jpg,D02,D02_20260420073459_001450,.jpg,001450,1450
481,D02_20260420073459_001451.jpg,D02_20260420073459_001451.jpg,D02,D02_20260420073459_001451,.jpg,001451,1451
482,D02_20260420073459_001452.jpg,D02_20260420073459_001452.jpg,D02,D02_20260420073459_001452,.jpg,001452,1452
483,D02_20260420073459_001453.jpg,D02_20260420073459_001453.jpg,D02,D02_20260420073459_001453,.jpg,001453,1453
484,D02_20260420073459_001454.jpg,D02_20260420073459_001454.jpg,D02,D02_20260420073459_001454,.jpg,001454,1454
485,D02_20260420073459_001455.jpg,D02_20260420073459_001455.jpg,D02,D02_20260420073459_001455,.jpg,001455,1455
486,D02_20260420073459_001456.jpg,D02_20260420073459_001456.jpg,D02,D02_20260420073459_001456,.jpg,001456,1456
487,D02_20260420073459_001457.jpg,D02_20260420073459_001457.jpg,D02,D02_20260420073459_001457,.jpg,001457,1457
488,D02_20260420073459_001458.jpg,D02_20260420073459_001458.jpg,D02,D02_20260420073459_001458,.jpg,001458,1458
489,D02_20260420073459_001459.jpg,D02_20260420073459_001459.jpg,D02,D02_20260420073459_001459,.jpg,001459,1459
490,D02_20260420073459_001460.jpg,D02_20260420073459_001460.jpg,D02,D02_20260420073459_001460,.jpg,001460,1460
491,D02_20260420073459_001461.jpg,D02_20260420073459_001461.jpg,D02,D02_20260420073459_001461,.jpg,001461,1461
492,D02_20260420073459_001462.jpg,D02_20260420073459_001462.jpg,D02,D02_20260420073459_001462,.jpg,001462,1462
493,D02_20260420073459_001463.jpg,D02_20260420073459_001463.jpg,D02,D02_20260420073459_001463,.jpg,001463,1463
494,D02_20260420073459_001464.jpg,D02_20260420073459_001464.jpg,D02,D02_20260420073459_001464,.jpg,001464,1464
495,D02_20260420073459_001465.jpg,D02_20260420073459_001465.jpg,D02,D02_20260420073459_001465,.jpg,001465,1465
497,D02_20260420073459_001467.jpg,D02_20260420073459_001467.jpg,D02,D02_20260420073459_001467,.jpg,001467,1467
498,D02_20260420073459_001468.jpg,D02_20260420073459_001468.jpg,D02,D02_20260420073459_001468,.jpg,001468,1468
499,D02_20260420073459_001469.jpg,D02_20260420073459_001469.jpg,D02,D02_20260420073459_001469,.jpg,001469,1469
500,D02_20260420073459_001470.jpg,D02_20260420073459_001470.jpg,D02,D02_20260420073459_001470,.jpg,001470,1470
501,D02_20260420073459_001471.jpg,D02_20260420073459_001471.jpg,D02,D02_20260420073459_001471,.jpg,001471,1471
502,D02_20260420073459_001472.jpg,D02_20260420073459_001472.jpg,D02,D02_20260420073459_001472,.jpg,001472,1472
505,D02_20260420073459_001475.jpg,D02_20260420073459_001475.jpg,D02,D02_20260420073459_001475,.jpg,001475,1475
506,D02_20260420073459_001476.jpg,D02_20260420073459_001476.jpg,D02,D02_20260420073459_001476,.jpg,001476,1476
507,D02_20260420073459_001477.jpg,D02_20260420073459_001477.jpg,D02,D02_20260420073459_001477,.jpg,001477,1477
508,D02_20260420073459_001478.jpg,D02_20260420073459_001478.jpg,D02,D02_20260420073459_001478,.jpg,001478,1478
509,D02_20260420073459_001479.jpg,D02_20260420073459_001479.jpg,D02,D02_20260420073459_001479,.jpg,001479,1479
512,D02_20260420073459_001482.jpg,D02_20260420073459_001482.jpg,D02,D02_20260420073459_001482,.jpg,001482,1482
513,D02_20260420073459_001483.jpg,D02_20260420073459_001483.jpg,D02,D02_20260420073459_001483,.jpg,001483,1483
521,D02_20260420073459_001491.jpg,D02_20260420073459_001491.jpg,D02,D02_20260420073459_001491,.jpg,001491,1491
522,D02_20260420073459_001492.jpg,D02_20260420073459_001492.jpg,D02,D02_20260420073459_001492,.jpg,001492,1492
523,D02_20260420073459_001493.jpg,D02_20260420073459_001493.jpg,D02,D02_20260420073459_001493,.jpg,001493,1493
526,D02_20260420073459_001496.jpg,D02_20260420073459_001496.jpg,D02,D02_20260420073459_001496,.jpg,001496,1496
527,D02_20260420073459_001497.jpg,D02_20260420073459_001497.jpg,D02,D02_20260420073459_001497,.jpg,001497,1497
531,D02_20260420073459_001501.jpg,D02_20260420073459_001501.jpg,D02,D02_20260420073459_001501,.jpg,001501,1501
533,D02_20260420073459_001503.jpg,D02_20260420073459_001503.jpg,D02,D02_20260420073459_001503,.jpg,001503,1503
536,D02_20260420073459_001506.jpg,D02_20260420073459_001506.jpg,D02,D02_20260420073459_001506,.jpg,001506,1506
537,D02_20260420073459_001507.jpg,D02_20260420073459_001507.jpg,D02,D02_20260420073459_001507,.jpg,001507,1507
539,D02_20260420073459_001509.jpg,D02_20260420073459_001509.jpg,D02,D02_20260420073459_001509,.jpg,001509,1509
544,D02_20260420073459_001514.jpg,D02_20260420073459_001514.jpg,D02,D02_20260420073459_001514,.jpg,001514,1514
545,D02_20260420073459_001515.jpg,D02_20260420073459_001515.jpg,D02,D02_20260420073459_001515,.jpg,001515,1515
546,D02_20260420073459_001516.jpg,D02_20260420073459_001516.jpg,D02,D02_20260420073459_001516,.jpg,001516,1516
547,D02_20260420073459_001517.jpg,D02_20260420073459_001517.jpg,D02,D02_20260420073459_001517,.jpg,001517,1517
548,D02_20260420073459_001518.jpg,D02_20260420073459_001518.jpg,D02,D02_20260420073459_001518,.jpg,001518,1518
549,D02_20260420073459_001519.jpg,D02_20260420073459_001519.jpg,D02,D02_20260420073459_001519,.jpg,001519,1519
550,D02_20260420073459_001520.jpg,D02_20260420073459_001520.jpg,D02,D02_20260420073459_001520,.jpg,001520,1520
551,D02_20260420073459_001521.jpg,D02_20260420073459_001521.jpg,D02,D02_20260420073459_001521,.jpg,001521,1521
552,D02_20260420073459_001522.jpg,D02_20260420073459_001522.jpg,D02,D02_20260420073459_001522,.jpg,001522,1522
553,D02_20260420073459_001523.jpg,D02_20260420073459_001523.jpg,D02,D02_20260420073459_001523,.jpg,001523,1523
554,D02_20260420073459_001524.jpg,D02_20260420073459_001524.jpg,D02,D02_20260420073459_001524,.jpg,001524,1524
555,D02_20260420073459_001525.jpg,D02_20260420073459_001525.jpg,D02,D02_20260420073459_001525,.jpg,001525,1525
556,D02_20260420073459_001526.jpg,D02_20260420073459_001526.jpg,D02,D02_20260420073459_001526,.jpg,001526,1526
557,D02_20260420073459_001527.jpg,D02_20260420073459_001527.jpg,D02,D02_20260420073459_001527,.jpg,001527,1527
558,D02_20260420073459_001528.jpg,D02_20260420073459_001528.jpg,D02,D02_20260420073459_001528,.jpg,001528,1528
559,D02_20260420073459_001529.jpg,D02_20260420073459_001529.jpg,D02,D02_20260420073459_001529,.jpg,001529,1529
560,D02_20260420073459_001530.jpg,D02_20260420073459_001530.jpg,D02,D02_20260420073459_001530,.jpg,001530,1530
561,D02_20260420073459_001531.jpg,D02_20260420073459_001531.jpg,D02,D02_20260420073459_001531,.jpg,001531,1531
562,D02_20260420073459_001532.jpg,D02_20260420073459_001532.jpg,D02,D02_20260420073459_001532,.jpg,001532,1532
563,D02_20260420073459_001533.jpg,D02_20260420073459_001533.jpg,D02,D02_20260420073459_001533,.jpg,001533,1533
564,D02_20260420073459_001534.jpg,D02_20260420073459_001534.jpg,D02,D02_20260420073459_001534,.jpg,001534,1534
565,D02_20260420073459_001535.jpg,D02_20260420073459_001535.jpg,D02,D02_20260420073459_001535,.jpg,001535,1535
566,D02_20260420073459_001536.jpg,D02_20260420073459_001536.jpg,D02,D02_20260420073459_001536,.jpg,001536,1536
567,D02_20260420073459_001537.jpg,D02_20260420073459_001537.jpg,D02,D02_20260420073459_001537,.jpg,001537,1537
571,D02_20260420073459_001541.jpg,D02_20260420073459_001541.jpg,D02,D02_20260420073459_001541,.jpg,001541,1541
572,D02_20260420073459_001542.jpg,D02_20260420073459_001542.jpg,D02,D02_20260420073459_001542,.jpg,001542,1542
577,D02_20260420073459_001547.jpg,D02_20260420073459_001547.jpg,D02,D02_20260420073459_001547,.jpg,001547,1547
578,D02_20260420073459_001548.jpg,D02_20260420073459_001548.jpg,D02,D02_20260420073459_001548,.jpg,001548,1548
579,D02_20260420073459_001549.jpg,D02_20260420073459_001549.jpg,D02,D02_20260420073459_001549,.jpg,001549,1549
580,D02_20260420073459_001550.jpg,D02_20260420073459_001550.jpg,D02,D02_20260420073459_001550,.jpg,001550,1550
581,D02_20260420073459_001551.jpg,D02_20260420073459_001551.jpg,D02,D02_20260420073459_001551,.jpg,001551,1551
582,D02_20260420073459_001552.jpg,D02_20260420073459_001552.jpg,D02,D02_20260420073459_001552,.jpg,001552,1552
583,D02_20260420073459_001553.jpg,D02_20260420073459_001553.jpg,D02,D02_20260420073459_001553,.jpg,001553,1553
593,D02_20260420073459_001563.jpg,D02_20260420073459_001563.jpg,D02,D02_20260420073459_001563,.jpg,001563,1563
594,D02_20260420073459_001564.jpg,D02_20260420073459_001564.jpg,D02,D02_20260420073459_001564,.jpg,001564,1564
595,D02_20260420073459_001565.jpg,D02_20260420073459_001565.jpg,D02,D02_20260420073459_001565,.jpg,001565,1565
596,D02_20260420073459_001566.jpg,D02_20260420073459_001566.jpg,D02,D02_20260420073459_001566,.jpg,001566,1566
597,D02_20260420073459_001567.jpg,D02_20260420073459_001567.jpg,D02,D02_20260420073459_001567,.jpg,001567,1567
598,D02_20260420073459_001568.jpg,D02_20260420073459_001568.jpg,D02,D02_20260420073459_001568,.jpg,001568,1568
599,D02_20260420073459_001569.jpg,D02_20260420073459_001569.jpg,D02,D02_20260420073459_001569,.jpg,001569,1569
600,D02_20260420073459_001570.jpg,D02_20260420073459_001570.jpg,D02,D02_20260420073459_001570,.jpg,001570,1570
601,D02_20260420073459_001571.jpg,D02_20260420073459_001571.jpg,D02,D02_20260420073459_001571,.jpg,001571,1571
602,D02_20260420073459_001572.jpg,D02_20260420073459_001572.jpg,D02,D02_20260420073459_001572,.jpg,001572,1572
603,D02_20260420073459_001573.jpg,D02_20260420073459_001573.jpg,D02,D02_20260420073459_001573,.jpg,001573,1573
608,D02_20260420073459_001578.jpg,D02_20260420073459_001578.jpg,D02,D02_20260420073459_001578,.jpg,001578,1578
609,D02_20260420073459_001579.jpg,D02_20260420073459_001579.jpg,D02,D02_20260420073459_001579,.jpg,001579,1579
610,D02_20260420073459_001580.jpg,D02_20260420073459_001580.jpg,D02,D02_20260420073459_001580,.jpg,001580,1580
611,D02_20260420073459_001581.jpg,D02_20260420073459_001581.jpg,D02,D02_20260420073459_001581,.jpg,001581,1581
612,D02_20260420073459_001582.jpg,D02_20260420073459_001582.jpg,D02,D02_20260420073459_001582,.jpg,001582,1582
656,D02_20260420073459_001626.jpg,D02_20260420073459_001626.jpg,D02,D02_20260420073459_001626,.jpg,001626,1626
657,D02_20260420073459_001627.jpg,D02_20260420073459_001627.jpg,D02,D02_20260420073459_001627,.jpg,001627,1627
670,D02_20260420073459_001640.jpg,D02_20260420073459_001640.jpg,D02,D02_20260420073459_001640,.jpg,001640,1640
676,D02_20260420073459_001646.jpg,D02_20260420073459_001646.jpg,D02,D02_20260420073459_001646,.jpg,001646,1646
692,D02_20260420073459_001662.jpg,D02_20260420073459_001662.jpg,D02,D02_20260420073459_001662,.jpg,001662,1662
694,D02_20260420073459_001664.jpg,D02_20260420073459_001664.jpg,D02,D02_20260420073459_001664,.jpg,001664,1664
702,D02_20260420073459_001672.jpg,D02_20260420073459_001672.jpg,D02,D02_20260420073459_001672,.jpg,001672,1672
703,D02_20260420073459_001673.jpg,D02_20260420073459_001673.jpg,D02,D02_20260420073459_001673,.jpg,001673,1673
704,D02_20260420073459_001674.jpg,D02_20260420073459_001674.jpg,D02,D02_20260420073459_001674,.jpg,001674,1674
705,D02_20260420073459_001675.jpg,D02_20260420073459_001675.jpg,D02,D02_20260420073459_001675,.jpg,001675,1675
706,D02_20260420073459_001676.jpg,D02_20260420073459_001676.jpg,D02,D02_20260420073459_001676,.jpg,001676,1676
707,D02_20260420073459_001677.jpg,D02_20260420073459_001677.jpg,D02,D02_20260420073459_001677,.jpg,001677,1677
708,D02_20260420073459_001678.jpg,D02_20260420073459_001678.jpg,D02,D02_20260420073459_001678,.jpg,001678,1678
709,D02_20260420073459_001679.jpg,D02_20260420073459_001679.jpg,D02,D02_20260420073459_001679,.jpg,001679,1679
721,D02_20260420073459_001691.jpg,D02_20260420073459_001691.jpg,D02,D02_20260420073459_001691,.jpg,001691,1691
722,D02_20260420073459_001692.jpg,D02_20260420073459_001692.jpg,D02,D02_20260420073459_001692,.jpg,001692,1692
723,D02_20260420073459_001693.jpg,D02_20260420073459_001693.jpg,D02,D02_20260420073459_001693,.jpg,001693,1693
726,D02_20260420073459_001696.jpg,D02_20260420073459_001696.jpg,D02,D02_20260420073459_001696,.jpg,001696,1696
735,D02_20260420073459_001705.jpg,D02_20260420073459_001705.jpg,D02,D02_20260420073459_001705,.jpg,001705,1705
736,D02_20260420073459_001706.jpg,D02_20260420073459_001706.jpg,D02,D02_20260420073459_001706,.jpg,001706,1706
741,D02_20260420073459_001711.jpg,D02_20260420073459_001711.jpg,D02,D02_20260420073459_001711,.jpg,001711,1711
743,D02_20260420073459_001713.jpg,D02_20260420073459_001713.jpg,D02,D02_20260420073459_001713,.jpg,001713,1713
744,D02_20260420073459_001714.jpg,D02_20260420073459_001714.jpg,D02,D02_20260420073459_001714,.jpg,001714,1714
745,D02_20260420073459_001715.jpg,D02_20260420073459_001715.jpg,D02,D02_20260420073459_001715,.jpg,001715,1715
746,D02_20260420073459_001716.jpg,D02_20260420073459_001716.jpg,D02,D02_20260420073459_001716,.jpg,001716,1716
747,D02_20260420073459_001717.jpg,D02_20260420073459_001717.jpg,D02,D02_20260420073459_001717,.jpg,001717,1717
748,D02_20260420073459_001718.jpg,D02_20260420073459_001718.jpg,D02,D02_20260420073459_001718,.jpg,001718,1718
749,D02_20260420073459_001719.jpg,D02_20260420073459_001719.jpg,D02,D02_20260420073459_001719,.jpg,001719,1719
750,D02_20260420073459_001720.jpg,D02_20260420073459_001720.jpg,D02,D02_20260420073459_001720,.jpg,001720,1720
751,D02_20260420073459_001721.jpg,D02_20260420073459_001721.jpg,D02,D02_20260420073459_001721,.jpg,001721,1721
752,D02_20260420073459_001722.jpg,D02_20260420073459_001722.jpg,D02,D02_20260420073459_001722,.jpg,001722,1722
753,D02_20260420073459_001723.jpg,D02_20260420073459_001723.jpg,D02,D02_20260420073459_001723,.jpg,001723,1723
754,D02_20260420073459_001724.jpg,D02_20260420073459_001724.jpg,D02,D02_20260420073459_001724,.jpg,001724,1724
755,D02_20260420073459_001725.jpg,D02_20260420073459_001725.jpg,D02,D02_20260420073459_001725,.jpg,001725,1725
756,D02_20260420073459_001726.jpg,D02_20260420073459_001726.jpg,D02,D02_20260420073459_001726,.jpg,001726,1726
757,D02_20260420073459_001727.jpg,D02_20260420073459_001727.jpg,D02,D02_20260420073459_001727,.jpg,001727,1727
764,D02_20260420073459_001734.jpg,D02_20260420073459_001734.jpg,D02,D02_20260420073459_001734,.jpg,001734,1734
765,D02_20260420073459_001735.jpg,D02_20260420073459_001735.jpg,D02,D02_20260420073459_001735,.jpg,001735,1735
766,D02_20260420073459_001736.jpg,D02_20260420073459_001736.jpg,D02,D02_20260420073459_001736,.jpg,001736,1736
767,D02_20260420073459_001737.jpg,D02_20260420073459_001737.jpg,D02,D02_20260420073459_001737,.jpg,001737,1737
768,D02_20260420073459_001738.jpg,D02_20260420073459_001738.jpg,D02,D02_20260420073459_001738,.jpg,001738,1738
769,D02_20260420073459_001739.jpg,D02_20260420073459_001739.jpg,D02,D02_20260420073459_001739,.jpg,001739,1739
770,D02_20260420073459_001740.jpg,D02_20260420073459_001740.jpg,D02,D02_20260420073459_001740,.jpg,001740,1740
