respondent_id,choice,scenario,wait_time,packed,is_peak
R001,1,1,2,1,1
R001,1,2,5,1,1
R001,0,3,10,1,0
R001,1,4,5,0,1
R001,1,5,3,0,0
R001,1,6,7,1,1
R002,1,1,2,1,1
R002,1,2,5,1,1
R002,0,3,10,1,0
R002,0,4,5,0,1
R002,1,5,3,0,0
R002,1,6,7,1,1
R003,1,1,2,1,1
R003,1,2,5,1,1
R003,1,3,10,1,0
R003,0,4,5,0,1
R003,0,5,3,0,0
R003,1,6,7,1,1
R004,1,1,2,1,1
R004,1,2,5,1,1
R004,0,3,10,1,0
R004,0,4,5,0,1
R004,0,5,3,0,0
R004,1,6,7,1,1
R005,1,1,2,1,1
R005,1,2,5,1,1
R005,0,3,10,1,0
R005,1,4,5,0,1
R005,0,5,3,0,0
R005,1,6,7,1,1
R006,1,1,2,1,1
R006,1,2,5,1,1
R006,0,3,10,1,0
R006,0,4,5,0,1
R006,0,5,3,0,0
R006,0,6,7,1,1
R007,1,1,2,1,1
R007,1,2,5,1,1
R007,1,3,10,1,0
R007,0,4,5,0,1
R007,1,5,3,0,0
R007,1,6,7,1,1
R008,1,1,2,1,1
R008,1,2,5,1,1
R008,1,3,10,1,0
R008,1,4,5,0,1
R008,1,5,3,0,0
R008,1,6,7,1,1
R009,1,1,2,1,1
R009,0,2,5,1,1
R009,0,3,10,1,0
R009,1,4,5,0,1
R009,0,5,3,0,0
R009,0,6,7,1,1
R010,1,1,2,1,1
R010,1,2,5,1,1
R010,1,3,10,1,0
R010,0,4,5,0,1
R010,1,5,3,0,0
R010,1,6,7,1,1
R011,1,1,2,1,1
R011,1,2,5,1,1
R011,0,3,10,1,0
R011,0,4,5,0,1
R011,0,5,3,0,0
R011,0,6,7,1,1
R012,0,1,2,1,1
R012,1,2,5,1,1
R012,1,3,10,1,0
R012,0,4,5,0,1
R012,1,5,3,0,0
R012,1,6,7,1,1
R013,0,1,2,1,1
R013,1,2,5,1,1
R013,1,3,10,1,0
R013,1,4,5,0,1
R013,1,5,3,0,0
R013,1,6,7,1,1
R014,1,1,2,1,1
R014,1,2,5,1,1
R014,0,3,10,1,0
R014,0,4,5,0,1
R014,0,5,3,0,0
R014,0,6,7,1,1
R015,1,1,2,1,1
R015,1,2,5,1,1
R015,1,3,10,1,0
R015,0,4,5,0,1
R015,0,5,3,0,0
R015,1,6,7,1,1
R016,1,1,2,1,1
R016,1,2,5,1,1
R016,1,3,10,1,0
R016,0,4,5,0,1
R016,1,5,3,0,0
R016,1,6,7,1,1
R017,1,1,2,1,1
R017,0,2,5,1,1
R017,1,3,10,1,0
R017,1,4,5,0,1
R017,0,5,3,0,0
R017,0,6,7,1,1
R018,1,1,2,1,1
R018,1,2,5,1,1
R018,0,3,10,1,0
R018,0,4,5,0,1
R018,0,5,3,0,0
R018,0,6,7,1,1
R019,1,1,2,1,1
R019,1,2,5,1,1
R019,1,3,10,1,0
R019,0,4,5,0,1
R019,0,5,3,0,0
R019,1,6,7,1,1
R020,0,1,2,1,1
R020,0,2,5,1,1
R020,0,3,10,1,0
R020,0,4,5,0,1
R020,0,5,3,0,0
R020,0,6,7,1,1
R021,1,1,2,1,1
R021,1,2,5,1,1
R021,1,3,10,1,0
R021,1,4,5,0,1
R021,1,5,3,0,0
R021,1,6,7,1,1
R022,1,1,2,1,1
R022,1,2,5,1,1
R022,0,4,5,0,1
R022,1,5,3,0,0
R022,1,6,7,1,1
R023,1,1,2,1,1
R023,0,2,5,1,1
R023,1,3,10,1,0
R023,1,4,5,0,1
R023,0,5,3,0,0
R023,1,6,7,1,1
R024,1,1,2,1,1
R024,1,2,5,1,1
R024,1,3,10,1,0
R024,0,4,5,0,1
R024,0,5,3,0,0
R024,0,6,7,1,1
R025,1,1,2,1,1
R025,0,2,5,1,1
R025,0,3,10,1,0
R025,1,4,5,0,1
R025,1,5,3,0,0
R025,1,6,7,1,1
R026,1,1,2,1,1
R026,0,2,5,1,1
R026,0,3,10,1,0
R026,0,4,5,0,1
R026,0,5,3,0,0
R026,0,6,7,1,1
R027,0,1,2,1,1
R027,0,2,5,1,1
R027,1,3,10,1,0
R027,1,4,5,0,1
R027,0,5,3,0,0
R027,0,6,7,1,1
R028,1,1,2,1,1
R028,1,2,5,1,1
R028,1,3,10,1,0
R028,0,4,5,0,1
R028,1,5,3,0,0
R028,1,6,7,1,1
R029,0,1,2,1,1
R029,0,2,5,1,1
R029,0,3,10,1,0
R029,0,4,5,0,1
R029,0,5,3,0,0
R029,0,6,7,1,1
R030,0,1,2,1,1
R030,1,2,5,1,1
R030,1,3,10,1,0
R030,0,4,5,0,1
R030,1,5,3,0,0
R030,0,6,7,1,1
R031,1,1,2,1,1
R031,1,2,5,1,1
R031,1,3,10,1,0
R031,0,4,5,0,1
R031,1,5,3,0,0
R031,1,6,7,1,1
R032,1,1,2,1,1
R032,1,2,5,1,1
R032,1,3,10,1,0
R032,1,4,5,0,1
R032,1,5,3,0,0
R032,1,6,7,1,1
R033,0,1,2,1,1
R033,1,2,5,1,1
R033,1,3,10,1,0
R033,1,4,5,0,1
R033,1,5,3,0,0
R033,1,6,7,1,1
R034,1,1,2,1,1
R034,1,2,5,1,1
R034,1,3,10,1,0
R034,1,4,5,0,1
R034,1,5,3,0,0
R034,1,6,7,1,1
R036,1,1,2,1,1
R036,1,2,5,1,1
R036,1,3,10,1,0
R036,0,4,5,0,1
R036,1,5,3,0,0
R036,1,6,7,1,1
R037,0,1,2,1,1
R037,1,2,5,1,1
R037,1,3,10,1,0
R037,1,4,5,0,1
R037,1,5,3,0,0
R037,1,6,7,1,1
R038,1,1,2,1,1
R038,1,2,5,1,1
R038,1,3,10,1,0
R038,0,4,5,0,1
R038,1,5,3,0,0
R038,1,6,7,1,1
R039,1,1,2,1,1
R039,0,2,5,1,1
R039,1,3,10,1,0
R039,0,4,5,0,1
R039,1,5,3,0,0
R039,0,6,7,1,1
R040,1,1,2,1,1
R040,1,2,5,1,1
R040,1,3,10,1,0
R040,1,4,5,0,1
R040,1,5,3,0,0
R040,1,6,7,1,1
R041,1,1,2,1,1
R041,1,2,5,1,1
R041,1,3,10,1,0
R041,1,4,5,0,1
R041,1,5,3,0,0
R041,1,6,7,1,1
R042,0,1,2,1,1
R042,0,2,5,1,1
R042,0,3,10,1,0
R042,0,4,5,0,1
R042,0,5,3,0,0
R042,0,6,7,1,1
R043,1,1,2,1,1
R043,1,2,5,1,1
R043,1,3,10,1,0
R043,0,4,5,0,1
R043,1,5,3,0,0
R043,1,6,7,1,1
R044,1,1,2,1,1
R044,1,2,5,1,1
R044,0,3,10,1,0
R044,0,4,5,0,1
R044,1,5,3,0,0
R044,0,6,7,1,1
R045,0,1,2,1,1
R045,0,2,5,1,1
R045,1,3,10,1,0
R045,1,4,5,0,1
R045,1,5,3,0,0
R045,0,6,7,1,1
R046,1,1,2,1,1
R046,1,2,5,1,1
R046,1,3,10,1,0
R046,1,4,5,0,1
R046,1,5,3,0,0
R046,1,6,7,1,1
R047,0,1,2,1,1
R047,0,2,5,1,1
R047,1,3,10,1,0
R047,0,4,5,0,1
R047,1,5,3,0,0
R047,1,6,7,1,1
R048,1,1,2,1,1
R048,1,2,5,1,1
R048,0,3,10,1,0
R048,1,4,5,0,1
R048,1,5,3,0,0
R048,1,6,7,1,1
R049,0,1,2,1,1
R049,0,2,5,1,1
R049,0,3,10,1,0
R049,0,4,5,0,1
R049,0,5,3,0,0
R049,0,6,7,1,1
R050,1,1,2,1,1
R050,1,2,5,1,1
R050,1,3,10,1,0
R050,0,4,5,0,1
R050,1,5,3,0,0
R050,1,6,7,1,1
R051,1,1,2,1,1
R051,1,2,5,1,1
R051,1,3,10,1,0
R051,1,4,5,0,1
R051,1,5,3,0,0
R051,1,6,7,1,1
R052,0,1,2,1,1
R052,1,2,5,1,1
R052,0,3,10,1,0
R052,0,4,5,0,1
R052,0,5,3,0,0
R052,0,6,7,1,1
R054,1,1,2,1,1
R054,1,2,5,1,1
R054,1,3,10,1,0
R054,0,4,5,0,1
R054,0,5,3,0,0
R054,1,6,7,1,1
R055,1,1,2,1,1
R055,1,2,5,1,1
R055,1,3,10,1,0
R055,0,4,5,0,1
R055,0,5,3,0,0
R055,1,6,7,1,1
R056,1,1,2,1,1
R056,1,2,5,1,1
R056,1,3,10,1,0
R056,0,4,5,0,1
R056,1,5,3,0,0
R056,1,6,7,1,1
R057,1,1,2,1,1
R057,1,2,5,1,1
R057,1,3,10,1,0
R057,0,4,5,0,1
R057,1,5,3,0,0
R057,1,6,7,1,1
R058,1,1,2,1,1
R058,1,2,5,1,1
R058,0,3,10,1,0
R058,0,4,5,0,1
R058,0,5,3,0,0
R058,1,6,7,1,1
R059,1,1,2,1,1
R059,1,2,5,1,1
R059,1,3,10,1,0
R059,1,4,5,0,1
R059,1,5,3,0,0
R059,0,6,7,1,1
R060,1,1,2,1,1
R060,1,2,5,1,1
R060,1,3,10,1,0
R060,1,4,5,0,1
R060,1,5,3,0,0
R060,1,6,7,1,1
R061,1,1,2,1,1
R061,0,2,5,1,1
R061,0,3,10,1,0
R061,0,4,5,0,1
R061,0,5,3,0,0
R061,0,6,7,1,1
R062,1,1,2,1,1
R062,0,2,5,1,1
R062,1,3,10,1,0
R062,0,4,5,0,1
R062,0,5,3,0,0
R062,0,6,7,1,1
R063,0,1,2,1,1
R063,0,2,5,1,1
R063,0,3,10,1,0
R063,1,4,5,0,1
R063,1,5,3,0,0
R063,0,6,7,1,1
R064,1,1,2,1,1
R064,1,2,5,1,1
R064,1,3,10,1,0
R064,0,4,5,0,1
R064,0,5,3,0,0
R064,1,6,7,1,1
R065,1,1,2,1,1
R065,1,2,5,1,1
R065,1,3,10,1,0
R065,0,5,3,0,0
R065,1,6,7,1,1
R066,1,1,2,1,1
R066,1,2,5,1,1
R066,1,3,10,1,0
R066,1,4,5,0,1
R066,1,5,3,0,0
R066,1,6,7,1,1
R067,1,1,2,1,1
R067,0,2,5,1,1
R067,1,3,10,1,0
R067,1,4,5,0,1
R067,1,5,3,0,0
R067,1,6,7,1,1
R068,1,1,2,1,1
R068,1,2,5,1,1
R068,0,3,10,1,0
R068,0,4,5,0,1
R068,1,5,3,0,0
R068,0,6,7,1,1
R069,0,1,2,1,1
R069,1,2,5,1,1
R069,1,3,10,1,0
R069,0,4,5,0,1
R069,1,5,3,0,0
R069,1,6,7,1,1
R070,1,1,2,1,1
R070,1,2,5,1,1
R070,1,3,10,1,0
R070,0,4,5,0,1
R070,1,5,3,0,0
R070,1,6,7,1,1
R071,1,1,2,1,1
R071,1,2,5,1,1
R071,1,3,10,1,0
R071,0,4,5,0,1
R071,0,5,3,0,0
R071,1,6,7,1,1
R072,0,1,2,1,1
R072,0,2,5,1,1
R072,0,3,10,1,0
R072,0,4,5,0,1
R072,0,5,3,0,0
R072,0,6,7,1,1
R073,1,1,2,1,1
R073,1,2,5,1,1
R073,1,3,10,1,0
R073,1,4,5,0,1
R073,1,5,3,0,0
R073,1,6,7,1,1
R074,1,1,2,1,1
R074,1,2,5,1,1
R074,1,3,10,1,0
R074,0,4,5,0,1
R074,0,5,3,0,0
R074,1,6,7,1,1
R075,1,1,2,1,1
R075,1,2,5,1,1
R075,0,3,10,1,0
R075,1,4,5,0,1
R075,1,5,3,0,0
R075,1,6,7,1,1
R076,0,1,2,1,1
R076,0,2,5,1,1
R076,0,3,10,1,0
R076,1,4,5,0,1
R076,1,5,3,0,0
R076,0,6,7,1,1
R077,1,1,2,1,1
R077,1,2,5,1,1
R077,1,3,10,1,0
R077,0,4,5,0,1
R077,0,5,3,0,0
R077,1,6,7,1,1
R078,1,1,2,1,1
R078,1,2,5,1,1
R078,0,3,10,1,0
R078,1,4,5,0,1
R078,1,5,3,0,0
R078,1,6,7,1,1
R079,0,1,2,1,1
R079,0,2,5,1,1
R079,1,3,10,1,0
R079,0,4,5,0,1
R079,1,5,3,0,0
R079,0,6,7,1,1
R080,1,1,2,1,1
R080,1,2,5,1,1
R080,1,3,10,1,0
R080,0,4,5,0,1
R080,0,5,3,0,0
R080,0,6,7,1,1
R081,1,1,2,1,1
R081,0,2,5,1,1
R081,0,3,10,1,0
R081,1,4,5,0,1
R081,0,5,3,0,0
R081,0,6,7,1,1
R082,1,1,2,1,1
R082,1,2,5,1,1
R082,1,3,10,1,0
R082,0,4,5,0,1
R082,1,5,3,0,0
R082,1,6,7,1,1
R083,1,1,2,1,1
R083,1,2,5,1,1
R083,1,3,10,1,0
R083,1,4,5,0,1
R083,1,5,3,0,0
R083,1,6,7,1,1
R084,0,1,2,1,1
R084,0,2,5,1,1
R084,0,3,10,1,0
R084,0,4,5,0,1
R084,0,5,3,0,0
R084,0,6,7,1,1
R085,1,1,2,1,1
R085,0,2,5,1,1
R085,1,3,10,1,0
R085,0,4,5,0,1
R085,1,5,3,0,0
R085,1,6,7,1,1
R086,1,1,2,1,1
R086,1,2,5,1,1
R086,0,3,10,1,0
R086,0,4,5,0,1
R086,1,5,3,0,0
R086,0,6,7,1,1
R087,1,1,2,1,1
R087,1,2,5,1,1
R087,0,3,10,1,0
R087,0,4,5,0,1
R087,0,5,3,0,0
R087,0,6,7,1,1
R088,1,1,2,1,1
R088,0,2,5,1,1
R088,1,3,10,1,0
R088,0,4,5,0,1
R088,0,5,3,0,0
R088,0,6,7,1,1
R089,1,1,2,1,1
R089,1,2,5,1,1
R089,1,3,10,1,0
R089,1,4,5,0,1
R089,0,5,3,0,0
R089,1,6,7,1,1
R090,1,1,2,1,1
R090,1,2,5,1,1
R090,1,3,10,1,0
R090,0,4,5,0,1
R090,0,5,3,0,0
R090,0,6,7,1,1
R091,0,1,2,1,1
R091,1,2,5,1,1
R091,1,3,10,1,0
R091,0,4,5,0,1
R091,0,5,3,0,0
R091,0,6,7,1,1
R092,1,1,2,1,1
R092,1,2,5,1,1
R092,1,3,10,1,0
R092,1,4,5,0,1
R092,1,5,3,0,0
R092,1,6,7,1,1
R093,1,1,2,1,1
R093,0,2,5,1,1
R093,0,3,10,1,0
R093,1,4,5,0,1
R093,0,5,3,0,0
R093,0,6,7,1,1
R094,0,1,2,1,1
R094,1,2,5,1,1
R094,1,3,10,1,0
R094,0,4,5,0,1
R094,1,5,3,0,0
R094,0,6,7,1,1
R095,1,1,2,1,1
R095,1,2,5,1,1
R095,1,3,10,1,0
R095,0,4,5,0,1
R095,1,5,3,0,0
R095,1,6,7,1,1
R096,1,1,2,1,1
R096,1,2,5,1,1
R096,1,3,10,1,0
R096,0,4,5,0,1
R096,1,5,3,0,0
R096,1,6,7,1,1
R097,1,1,2,1,1
R097,1,2,5,1,1
R097,1,3,10,1,0
R097,1,4,5,0,1
R097,1,5,3,0,0
R097,1,6,7,1,1
R098,0,1,2,1,1
R098,0,2,5,1,1
R098,1,3,10,1,0
R098,1,4,5,0,1
R098,1,5,3,0,0
R098,1,6,7,1,1
R099,1,1,2,1,1
R099,0,2,5,1,1
R099,1,3,10,1,0
R099,0,4,5,0,1
R099,0,5,3,0,0
R099,1,6,7,1,1
R100,0,1,2,1,1
R100,0,2,5,1,1
R100,1,3,10,1,0
R100,0,4,5,0,1
R100,1,5,3,0,0
R100,0,6,7,1,1
R101,1,1,2,1,1
R101,1,2,5,1,1
R101,1,3,10,1,0
R101,1,4,5,0,1
R101,1,5,3,0,0
R101,0,6,7,1,1
R102,1,1,2,1,1
R102,1,2,5,1,1
R102,1,3,10,1,0
R102,1,4,5,0,1
R102,0,5,3,0,0
R102,1,6,7,1,1
R103,1,1,2,1,1
R103,1,2,5,1,1
R103,0,3,10,1,0
R103,1,4,5,0,1
R103,1,5,3,0,0
R103,0,6,7,1,1
R104,1,1,2,1,1
R104,1,2,5,1,1
R104,1,3,10,1,0
R104,0,4,5,0,1
R104,0,5,3,0,0
R104,1,6,7,1,1
R105,1,1,2,1,1
R105,1,2,5,1,1
R105,0,3,10,1,0
R105,1,4,5,0,1
R105,1,5,3,0,0
R105,0,6,7,1,1
R106,1,1,2,1,1
R106,0,2,5,1,1
R106,0,3,10,1,0
R106,1,4,5,0,1
R106,0,5,3,0,0
R106,1,6,7,1,1
R107,1,1,2,1,1
R107,1,2,5,1,1
R107,0,3,10,1,0
R107,0,4,5,0,1
R107,1,5,3,0,0
R107,1,6,7,1,1
R108,1,1,2,1,1
R108,1,2,5,1,1
R108,1,3,10,1,0
R108,0,4,5,0,1
R108,1,5,3,0,0
R108,1,6,7,1,1
R109,1,1,2,1,1
R109,1,2,5,1,1
R109,0,3,10,1,0
R109,1,4,5,0,1
R109,1,5,3,0,0
R109,0,6,7,1,1
R110,1,1,2,1,1
R110,0,2,5,1,1
R110,1,3,10,1,0
R110,1,4,5,0,1
R110,1,5,3,0,0
R110,0,6,7,1,1
R111,0,1,2,1,1
R111,0,2,5,1,1
R111,0,4,5,0,1
R112,1,1,2,1,1
R112,1,2,5,1,1
R112,0,3,10,1,0
R112,0,4,5,0,1
R112,1,5,3,0,0
R112,1,6,7,1,1
R113,1,1,2,1,1
R113,1,2,5,1,1
R113,1,3,10,1,0
R113,1,4,5,0,1
R113,1,5,3,0,0
R113,0,6,7,1,1
R114,1,1,2,1,1
R114,1,2,5,1,1
R114,1,3,10,1,0
R114,0,4,5,0,1
R114,0,5,3,0,0
R114,1,6,7,1,1
R115,1,1,2,1,1
R115,1,2,5,1,1
R115,0,3,10,1,0
R115,0,4,5,0,1
R115,1,5,3,0,0
R115,0,6,7,1,1
R116,0,1,2,1,1
R116,1,2,5,1,1
R116,1,3,10,1,0
R116,1,4,5,0,1
R116,1,5,3,0,0
R116,0,6,7,1,1
R117,1,1,2,1,1
R117,0,2,5,1,1
R117,1,3,10,1,0
R117,0,4,5,0,1
R117,0,5,3,0,0
R117,1,6,7,1,1
R118,0,1,2,1,1
R118,0,2,5,1,1
R118,1,3,10,1,0
R118,0,4,5,0,1
R118,1,5,3,0,0
R118,1,6,7,1,1
R119,1,1,2,1,1
R119,1,2,5,1,1
R119,0,3,10,1,0
R119,0,4,5,0,1
R119,0,5,3,0,0
R119,1,6,7,1,1
R120,1,1,2,1,1
R120,0,2,5,1,1
R120,1,3,10,1,0
R120,1,4,5,0,1
R120,1,5,3,0,0
R120,1,6,7,1,1
R121,1,1,2,1,1
R121,0,2,5,1,1
R121,1,3,10,1,0
R121,0,4,5,0,1
R121,1,5,3,0,0
R121,1,6,7,1,1
R122,1,1,2,1,1
R122,0,2,5,1,1
R122,1,3,10,1,0
R122,0,4,5,0,1
R122,0,5,3,0,0
R122,0,6,7,1,1
R123,1,1,2,1,1
R123,1,2,5,1,1
R123,1,3,10,1,0
R123,1,4,5,0,1
R123,0,5,3,0,0
R123,0,6,7,1,1
R124,0,1,2,1,1
R124,0,2,5,1,1
R124,0,3,10,1,0
R124,0,4,5,0,1
R124,0,5,3,0,0
R124,0,6,7,1,1
R125,0,1,2,1,1
R125,0,2,5,1,1
R125,0,3,10,1,0
R125,0,4,5,0,1
R125,0,5,3,0,0
R125,0,6,7,1,1
R126,0,1,2,1,1
R126,0,2,5,1,1
R126,0,3,10,1,0
R126,0,4,5,0,1
R126,0,5,3,0,0
R126,0,6,7,1,1
R127,1,1,2,1,1
R127,1,2,5,1,1
R127,1,3,10,1,0
R127,0,4,5,0,1
R127,0,5,3,0,0
R127,1,6,7,1,1
R128,1,1,2,1,1
R128,1,2,5,1,1
R128,1,3,10,1,0
R128,0,4,5,0,1
R128,1,5,3,0,0
R128,1,6,7,1,1
R129,1,1,2,1,1
R129,1,2,5,1,1
R129,1,3,10,1,0
R129,1,4,5,0,1
R129,1,5,3,0,0
R129,0,6,7,1,1
R130,0,1,2,1,1
R130,0,2,5,1,1
R130,0,3,10,1,0
R130,0,4,5,0,1
R130,0,5,3,0,0
R130,1,6,7,1,1
R131,1,1,2,1,1
R131,1,2,5,1,1
R131,0,3,10,1,0
R131,0,4,5,0,1
R131,1,5,3,0,0
R131,1,6,7,1,1
R132,1,1,2,1,1
R132,1,2,5,1,1
R132,0,3,10,1,0
R132,0,4,5,0,1
R132,1,5,3,0,0
R132,1,6,7,1,1
R133,0,1,2,1,1
R133,0,2,5,1,1
R133,1,3,10,1,0
R133,0,4,5,0,1
R133,0,5,3,0,0
R133,0,6,7,1,1
R134,1,1,2,1,1
R134,1,2,5,1,1
R134,1,3,10,1,0
R134,0,4,5,0,1
R134,1,5,3,0,0
R134,1,6,7,1,1
R135,1,1,2,1,1
R135,1,2,5,1,1
R135,0,3,10,1,0
R135,0,4,5,0,1
R135,0,5,3,0,0
R135,1,6,7,1,1
R136,1,1,2,1,1
R136,1,2,5,1,1
R136,0,3,10,1,0
R136,0,4,5,0,1
R136,1,5,3,0,0
R136,0,6,7,1,1
R137,1,1,2,1,1
R137,1,2,5,1,1
R137,1,3,10,1,0
R137,0,4,5,0,1
R137,0,5,3,0,0
R137,1,6,7,1,1
R138,0,1,2,1,1
R138,0,2,5,1,1
R138,0,3,10,1,0
R138,0,4,5,0,1
R138,0,5,3,0,0
R138,0,6,7,1,1
R139,1,1,2,1,1
R139,1,2,5,1,1
R139,1,3,10,1,0
R139,1,4,5,0,1
R139,1,5,3,0,0
R139,1,6,7,1,1
R140,1,1,2,1,1
R140,1,2,5,1,1
R140,1,3,10,1,0
R140,1,4,5,0,1
R140,1,5,3,0,0
R140,1,6,7,1,1
R141,1,1,2,1,1
R141,1,2,5,1,1
R141,0,3,10,1,0
R141,1,4,5,0,1
R141,1,5,3,0,0
R141,1,6,7,1,1
R142,1,1,2,1,1
R142,1,2,5,1,1
R142,1,3,10,1,0
R142,1,4,5,0,1
R142,1,5,3,0,0
R142,1,6,7,1,1
R143,1,1,2,1,1
R143,1,2,5,1,1
R143,0,3,10,1,0
R143,0,4,5,0,1
R143,1,5,3,0,0
R143,1,6,7,1,1
R144,1,1,2,1,1
R144,0,2,5,1,1
R144,0,4,5,0,1
R144,1,5,3,0,0
R144,0,6,7,1,1
R146,0,1,2,1,1
R146,0,2,5,1,1
R146,0,3,10,1,0
R146,0,4,5,0,1
R146,0,5,3,0,0
R146,0,6,7,1,1
R147,1,1,2,1,1
R147,1,2,5,1,1
R147,1,3,10,1,0
R147,0,4,5,0,1
R147,1,5,3,0,0
R147,1,6,7,1,1
R148,1,1,2,1,1
R148,0,2,5,1,1
R148,0,3,10,1,0
R148,1,4,5,0,1
R148,1,5,3,0,0
R148,0,6,7,1,1
R149,1,1,2,1,1
R149,1,2,5,1,1
R149,1,3,10,1,0
R149,0,4,5,0,1
R149,1,5,3,0,0
R149,0,6,7,1,1
R150,1,1,2,1,1
R150,0,2,5,1,1
R150,1,3,10,1,0
R150,0,4,5,0,1
R150,1,5,3,0,0
R150,1,6,7,1,1
R151,0,1,2,1,1
R151,0,2,5,1,1
R151,0,3,10,1,0
R151,1,4,5,0,1
R151,1,5,3,0,0
R151,0,6,7,1,1
R152,0,1,2,1,1
R152,0,2,5,1,1
R152,0,3,10,1,0
R152,0,4,5,0,1
R152,0,5,3,0,0
R152,0,6,7,1,1
R153,0,1,2,1,1
R153,0,2,5,1,1
R153,1,3,10,1,0
R153,0,4,5,0,1
R153,0,5,3,0,0
R153,1,6,7,1,1
R154,1,1,2,1,1
R154,1,2,5,1,1
R154,1,3,10,1,0
R154,0,4,5,0,1
R154,0,5,3,0,0
R154,1,6,7,1,1
R155,1,1,2,1,1
R155,0,2,5,1,1
R155,1,3,10,1,0
R155,0,4,5,0,1
R155,1,5,3,0,0
R155,1,6,7,1,1
R156,1,1,2,1,1
R156,0,2,5,1,1
R156,0,3,10,1,0
R156,1,4,5,0,1
R156,1,5,3,0,0
R156,0,6,7,1,1
R157,1,1,2,1,1
R157,1,2,5,1,1
R157,1,3,10,1,0
R157,1,4,5,0,1
R157,1,5,3,0,0
R157,1,6,7,1,1
R158,1,1,2,1,1
R158,1,2,5,1,1
R158,0,3,10,1,0
R158,1,4,5,0,1
R158,1,5,3,0,0
R158,1,6,7,1,1
R159,1,1,2,1,1
R159,1,2,5,1,1
R159,1,3,10,1,0
R159,1,4,5,0,1
R159,1,5,3,0,0
R159,1,6,7,1,1
R160,1,1,2,1,1
R160,0,2,5,1,1
R160,0,3,10,1,0
R160,0,4,5,0,1
R160,0,5,3,0,0
R160,0,6,7,1,1
R161,1,1,2,1,1
R161,0,2,5,1,1
R161,0,3,10,1,0
R161,0,4,5,0,1
R161,0,5,3,0,0
R161,1,6,7,1,1
R162,1,1,2,1,1
R162,1,2,5,1,1
R162,0,3,10,1,0
R162,1,4,5,0,1
R162,1,5,3,0,0
R162,1,6,7,1,1
R163,1,1,2,1,1
R163,1,2,5,1,1
R163,0,3,10,1,0
R163,1,4,5,0,1
R163,0,5,3,0,0
R163,0,6,7,1,1
R164,1,1,2,1,1
R164,1,2,5,1,1
R164,1,4,5,0,1
R164,1,5,3,0,0
R164,1,6,7,1,1
R165,1,1,2,1,1
R165,1,2,5,1,1
R165,1,3,10,1,0
R165,0,4,5,0,1
R165,0,5,3,0,0
R165,0,6,7,1,1
R166,1,1,2,1,1
R166,1,2,5,1,1
R166,0,3,10,1,0
R166,0,4,5,0,1
R166,1,5,3,0,0
R166,1,6,7,1,1
R167,0,1,2,1,1
R167,0,2,5,1,1
R167,0,3,10,1,0
R167,0,4,5,0,1
R167,0,5,3,0,0
R167,0,6,7,1,1
R168,1,1,2,1,1
R168,1,2,5,1,1
R168,1,3,10,1,0
R168,1,4,5,0,1
R168,0,5,3,0,0
R168,1,6,7,1,1
R170,0,1,2,1,1
R170,0,2,5,1,1
R170,1,3,10,1,0
R170,0,4,5,0,1
R170,1,5,3,0,0
R170,1,6,7,1,1
R172,1,1,2,1,1
R172,0,2,5,1,1
R172,0,3,10,1,0
R172,1,4,5,0,1
R172,1,5,3,0,0
R172,0,6,7,1,1
R173,1,1,2,1,1
R173,1,2,5,1,1
R173,1,3,10,1,0
R173,0,4,5,0,1
R173,0,5,3,0,0
R173,0,6,7,1,1
R174,0,1,2,1,1
R174,1,2,5,1,1
R174,1,3,10,1,0
R174,0,4,5,0,1
R174,0,5,3,0,0
R174,1,6,7,1,1
R175,0,1,2,1,1
R175,0,2,5,1,1
R175,0,3,10,1,0
R175,1,4,5,0,1
R175,1,5,3,0,0
R175,0,6,7,1,1
R176,1,1,2,1,1
R176,1,2,5,1,1
R176,0,3,10,1,0
R176,0,4,5,0,1
R176,0,5,3,0,0
R176,0,6,7,1,1
R177,1,1,2,1,1
R177,0,2,5,1,1
R177,1,3,10,1,0
R177,0,4,5,0,1
R177,1,5,3,0,0
R177,0,6,7,1,1
R178,0,1,2,1,1
R178,0,2,5,1,1
R178,1,3,10,1,0
R178,0,4,5,0,1
R178,1,5,3,0,0
R178,1,6,7,1,1
R179,1,1,2,1,1
R179,1,2,5,1,1
R179,0,3,10,1,0
R179,0,4,5,0,1
R179,1,5,3,0,0
R179,1,6,7,1,1
R180,1,1,2,1,1
R180,0,2,5,1,1
R180,1,3,10,1,0
R180,0,4,5,0,1
R180,1,5,3,0,0
R180,0,6,7,1,1
R181,1,1,2,1,1
R181,1,2,5,1,1
R181,1,3,10,1,0
R181,0,4,5,0,1
R181,1,5,3,0,0
R181,1,6,7,1,1
R183,0,1,2,1,1
R183,1,2,5,1,1
R183,1,3,10,1,0
R183,0,4,5,0,1
R183,1,5,3,0,0
R183,1,6,7,1,1
R184,1,1,2,1,1
R184,1,2,5,1,1
R184,1,3,10,1,0
R184,1,4,5,0,1
R184,1,5,3,0,0
R184,1,6,7,1,1
R185,1,1,2,1,1
R185,1,2,5,1,1
R185,1,3,10,1,0
R185,1,4,5,0,1
R185,0,5,3,0,0
R185,1,6,7,1,1
R186,0,1,2,1,1
R186,0,2,5,1,1
R186,0,3,10,1,0
R186,0,4,5,0,1
R186,0,5,3,0,0
R186,0,6,7,1,1
R187,1,1,2,1,1
R187,1,2,5,1,1
R187,1,3,10,1,0
R187,1,4,5,0,1
R187,0,5,3,0,0
R187,1,6,7,1,1
R188,1,1,2,1,1
R188,1,2,5,1,1
R188,1,3,10,1,0
R188,0,4,5,0,1
R188,1,5,3,0,0
R188,1,6,7,1,1
R189,0,1,2,1,1
R189,0,2,5,1,1
R189,0,3,10,1,0
R189,0,4,5,0,1
R189,0,5,3,0,0
R189,0,6,7,1,1
R190,1,1,2,1,1
R190,1,2,5,1,1
R190,1,3,10,1,0
R190,1,4,5,0,1
R190,1,5,3,0,0
R190,1,6,7,1,1
R191,1,1,2,1,1
R191,1,2,5,1,1
R191,1,3,10,1,0
R191,1,4,5,0,1
R191,1,5,3,0,0
R191,1,6,7,1,1
R192,0,1,2,1,1
R192,0,2,5,1,1
R192,1,3,10,1,0
R192,1,4,5,0,1
R192,1,5,3,0,0
R192,1,6,7,1,1
R193,1,1,2,1,1
R193,1,2,5,1,1
R193,1,3,10,1,0
R193,1,4,5,0,1
R193,1,5,3,0,0
R193,1,6,7,1,1
R194,1,1,2,1,1
R194,1,2,5,1,1
R194,1,3,10,1,0
R194,1,4,5,0,1
R194,1,5,3,0,0
R194,1,6,7,1,1
R195,1,1,2,1,1
R195,1,2,5,1,1
R195,1,3,10,1,0
R195,0,4,5,0,1
R195,0,5,3,0,0
R195,1,6,7,1,1
R196,0,1,2,1,1
R196,0,2,5,1,1
R196,0,3,10,1,0
R196,0,4,5,0,1
R196,1,5,3,0,0
R196,1,6,7,1,1
R197,1,1,2,1,1
R197,1,2,5,1,1
R197,1,3,10,1,0
R197,1,4,5,0,1
R197,1,5,3,0,0
R197,1,6,7,1,1
R198,1,1,2,1,1
R198,1,2,5,1,1
R198,1,3,10,1,0
R198,1,4,5,0,1
R198,1,5,3,0,0
R198,1,6,7,1,1
R199,1,1,2,1,1
R199,1,2,5,1,1
R199,1,3,10,1,0
R199,1,4,5,0,1
R199,1,5,3,0,0
R199,1,6,7,1,1
R200,1,1,2,1,1
R200,1,2,5,1,1
R200,1,3,10,1,0
R200,1,4,5,0,1
R200,1,5,3,0,0
R200,1,6,7,1,1
R201,1,1,2,1,1
R201,1,2,5,1,1
R201,1,3,10,1,0
R201,1,4,5,0,1
R201,1,5,3,0,0
R201,1,6,7,1,1
R202,1,1,2,1,1
R202,1,2,5,1,1
R202,1,3,10,1,0
R202,1,4,5,0,1
R202,1,5,3,0,0
R202,1,6,7,1,1
R203,1,1,2,1,1
R203,1,2,5,1,1
R203,1,3,10,1,0
R203,1,4,5,0,1
R203,1,5,3,0,0
R203,1,6,7,1,1
R204,1,1,2,1,1
R204,1,2,5,1,1
R204,1,3,10,1,0
R204,1,4,5,0,1
R204,1,5,3,0,0
R204,1,6,7,1,1
R205,1,1,2,1,1
R205,1,2,5,1,1
R205,1,3,10,1,0
R205,1,4,5,0,1
R205,1,5,3,0,0
R205,1,6,7,1,1
R206,0,1,2,1,1
R206,0,2,5,1,1
R206,0,3,10,1,0
R206,0,4,5,0,1
R206,0,5,3,0,0
R206,0,6,7,1,1
R207,1,1,2,1,1
R207,1,2,5,1,1
R207,1,3,10,1,0
R207,1,4,5,0,1
R207,1,5,3,0,0
R207,1,6,7,1,1
R208,1,1,2,1,1
R208,1,2,5,1,1
R208,1,3,10,1,0
R208,1,4,5,0,1
R208,1,5,3,0,0
R208,1,6,7,1,1
R209,1,1,2,1,1
R209,1,2,5,1,1
R209,1,3,10,1,0
R209,1,4,5,0,1
R209,1,5,3,0,0
R209,1,6,7,1,1
R210,1,1,2,1,1
R210,1,2,5,1,1
R210,0,3,10,1,0
R210,0,4,5,0,1
R210,1,5,3,0,0
R210,1,6,7,1,1
R211,1,1,2,1,1
R211,1,2,5,1,1
R211,1,3,10,1,0
R211,1,4,5,0,1
R211,1,5,3,0,0
R211,1,6,7,1,1
R212,1,1,2,1,1
R212,1,2,5,1,1
R212,1,3,10,1,0
R212,1,4,5,0,1
R212,1,5,3,0,0
R212,1,6,7,1,1
R213,1,1,2,1,1
R213,1,2,5,1,1
R213,1,3,10,1,0
R213,1,4,5,0,1
R213,1,5,3,0,0
R213,1,6,7,1,1
R214,1,1,2,1,1
R214,1,2,5,1,1
R214,1,3,10,1,0
R214,1,4,5,0,1
R214,1,5,3,0,0
R214,1,6,7,1,1
R215,1,1,2,1,1
R215,1,2,5,1,1
R215,1,3,10,1,0
R215,1,4,5,0,1
R215,1,5,3,0,0
R215,1,6,7,1,1
